"{'l': 0, 'm': 0.7866716199999999, 'h': 0.2133283800000001}","{'l': 0, 'm': 0, 'h': 1}","{'l': 0, 'm': 0, 'h': 1}",0.1
"{'l': 0, 'm': 0, 'h': 1}","{'l': 0, 'm': 0, 'h': 1}","{'l': 0, 'm': 0, 'h': 1}",0.2
"{'l': 0, 'm': 0.8843116129999999, 'h': 0.11568838700000006}","{'l': 0, 'm': 0, 'h': 1}","{'l': 0, 'm': 0, 'h': 1}",0.1
"{'l': 0, 'm': 0, 'h': 1}","{'l': 0, 'm': 0, 'h': 1}","{'l': 0, 'm': 0, 'h': 1}",0.2
"{'l': 0, 'm': 0.7544166689999998, 'h': 0.24558333100000018}","{'l': 0, 'm': 0, 'h': 1}","{'l': 0, 'm': 0.4129899949999999, 'h': 0.5870100050000002}",0.1
"{'l': 0.4669949925000001, 'm': 0.5330050074999999, 'h': 0}","{'l': 0, 'm': 0, 'h': 1}","{'l': 0, 'm': 0, 'h': 1}",0.1
"{'l': 0.3480402764999999, 'm': 0.6519597235000001, 'h': 0}","{'l': 0, 'm': 0, 'h': 1}","{'l': 0, 'm': 0.427960225, 'h': 0.572039775}",0.1
"{'l': 0.32635850050000004, 'm': 0.6736414995, 'h': 0}","{'l': 0, 'm': 0, 'h': 1}","{'l': 0, 'm': 0, 'h': 1}",0.1
"{'l': 0.15744965900000008, 'm': 0.8425503409999999, 'h': 0}","{'l': 0, 'm': 0, 'h': 1}","{'l': 0, 'm': 0, 'h': 1}",0.1
"{'l': 0.44794039250000006, 'm': 0.5520596074999999, 'h': 0}","{'l': 0, 'm': 0, 'h': 1}","{'l': 0, 'm': 0, 'h': 1}",0.1
"{'l': 0, 'm': 0.10728498649999985, 'h': 0.8927150135000002}","{'l': 0, 'm': 0, 'h': 1}","{'l': 0, 'm': 0.5101265850000001, 'h': 0.48987341500000003}",0.1
"{'l': 0.5000914080000001, 'm': 0.49990859199999993, 'h': 0}","{'l': 0, 'm': 0, 'h': 1}","{'l': 0, 'm': 0, 'h': 1}",0.0
"{'l': 0.9012510010000001, 'm': 0.09874899899999989, 'h': 0}","{'l': 0, 'm': 0, 'h': 1}","{'l': 0, 'm': 0.2429173500000001, 'h': 0.75708265}",0.0
"{'l': 0.9104434960000001, 'm': 0.08955650399999993, 'h': 0}","{'l': 0, 'm': 0, 'h': 1}","{'l': 0, 'm': 0, 'h': 1}",0.0
"{'l': 0, 'm': 0.3835952429999998, 'h': 0.6164047570000002}","{'l': 0, 'm': 0, 'h': 1}","{'l': 0, 'm': 0, 'h': 1}",0.2
"{'l': 0.2082501324999999, 'm': 0.7917498675000001, 'h': 0}","{'l': 0, 'm': 0, 'h': 1}","{'l': 0.25500995, 'm': 0.74499005, 'h': 0}",0.0
"{'l': 0, 'm': 0.4605008439999998, 'h': 0.5394991560000002}","{'l': 0, 'm': 0, 'h': 1}","{'l': 0, 'm': 0, 'h': 1}",0.2
"{'l': 0, 'm': 0.9185981304999999, 'h': 0.08140186950000006}","{'l': 0, 'm': 0, 'h': 1}","{'l': 0, 'm': 0, 'h': 1}",0.1
"{'l': 0, 'm': 0.7301989915, 'h': 0.2698010085}","{'l': 0, 'm': 0, 'h': 1}","{'l': 0, 'm': 0, 'h': 1}",0.1
"{'l': 0.2340466939999999, 'm': 0.7659533060000001, 'h': 0}","{'l': 0, 'm': 0, 'h': 1}","{'l': 0.25378403999999993, 'm': 0.74621596, 'h': 0}",0.0
"{'l': 0.24055568449999987, 'm': 0.7594443155000001, 'h': 0}","{'l': 0, 'm': 0, 'h': 1}","{'l': 0, 'm': 0, 'h': 1}",0.1
"{'l': 0.25517198399999996, 'm': 0.744828016, 'h': 0}","{'l': 0, 'm': 0, 'h': 1}","{'l': 0.22784071999999989, 'm': 0.77215928, 'h': 0}",0.0
"{'l': 0.2621248650000001, 'm': 0.7378751349999999, 'h': 0}","{'l': 0, 'm': 0, 'h': 1}","{'l': 0, 'm': 0, 'h': 1}",0.1
"{'l': 0.2735685339999998, 'm': 0.7264314660000002, 'h': 0}","{'l': 0, 'm': 0, 'h': 1}","{'l': 0.306009545, 'm': 0.6939904549999999, 'h': 0}",0.0
"{'l': 0.5113156834999999, 'm': 0.4886843165000001, 'h': 0}","{'l': 0, 'm': 0, 'h': 1}","{'l': 0, 'm': 0, 'h': 1}",0.0
"{'l': 0.5001406239999999, 'm': 0.4998593760000001, 'h': 0}","{'l': 0, 'm': 0, 'h': 1}","{'l': 0.25843222499999996, 'm': 0.7415677749999999, 'h': 0}",-0.1
"{'l': 0.32129259450000003, 'm': 0.6787074055, 'h': 0}","{'l': 0, 'm': 0, 'h': 1}","{'l': 0, 'm': 0, 'h': 1}",0.1
"{'l': 0.6340172005, 'm': 0.3659827995, 'h': 0}","{'l': 0, 'm': 0, 'h': 1}","{'l': 0, 'm': 0.2429173500000001, 'h': 0.75708265}",0.0
"{'l': 0.7692514189999999, 'm': 0.23074858100000006, 'h': 0}","{'l': 0, 'm': 0, 'h': 1}","{'l': 0.22784071999999989, 'm': 0.77215928, 'h': 0}",-0.1
"{'l': 0.914126717, 'm': 0.08587328299999997, 'h': 0}","{'l': 0, 'm': 0.5, 'h': 0.5}","{'l': 0, 'm': 0, 'h': 1}",0.0
"{'l': 0.9616172380000001, 'm': 0.038382761999999904, 'h': 0}","{'l': 0, 'm': 0, 'h': 1}","{'l': 0, 'm': 0.76115603, 'h': 0.23884397000000002}",-0.1
"{'l': 0.9859254904999999, 'm': 0.01407450950000011, 'h': 0}","{'l': 0, 'm': 0, 'h': 1}","{'l': 0.99176435, 'm': 0.008235649999999983, 'h': 0}",-0.1
"{'l': 0.1661799799999999, 'm': 0.8338200200000001, 'h': 0}","{'l': 0, 'm': 0, 'h': 1}","{'l': 0, 'm': 0.3136748149999999, 'h': 0.6863251850000002}",0.1
"{'l': 0.20696624099999994, 'm': 0.7930337590000001, 'h': 0}","{'l': 0, 'm': 0, 'h': 1}","{'l': 0, 'm': 0, 'h': 1}",0.1
"{'l': 0.23481035399999994, 'm': 0.7651896460000001, 'h': 0}","{'l': 0, 'm': 0, 'h': 1}","{'l': 0.4284216099999999, 'm': 0.57157839, 'h': 0}",0.0
"{'l': 0.477142422, 'm': 0.522857578, 'h': 0}","{'l': 0, 'm': 0, 'h': 1}","{'l': 0.792987865, 'm': 0.20701213499999996, 'h': 0}",-0.1
"{'l': 0.18321427699999981, 'm': 0.8167857230000002, 'h': 0}","{'l': 0, 'm': 0, 'h': 1}","{'l': 0, 'm': 0.0155374350000001, 'h': 0.984462565}",0.1
"{'l': 0, 'm': 0, 'h': 1}","{'l': 0, 'm': 0, 'h': 1}","{'l': 0, 'm': 0, 'h': 1}",0.2
"{'l': 0.3571535804999999, 'm': 0.6428464195000001, 'h': 0}","{'l': 0, 'm': 0, 'h': 1}","{'l': 0, 'm': 0, 'h': 1}",0.1
"{'l': 0, 'm': 0.4593629185000001, 'h': 0.5406370814999999}","{'l': 0, 'm': 0, 'h': 1}","{'l': 0, 'm': 0, 'h': 1}",0.2
"{'l': 0.2788462555, 'm': 0.7211537445, 'h': 0}","{'l': 0, 'm': 0, 'h': 1}","{'l': 0.48888507, 'm': 0.51111493, 'h': 0}",0.0
"{'l': 0.3504791625000001, 'm': 0.6495208374999999, 'h': 0}","{'l': 0, 'm': 0, 'h': 1}","{'l': 0.5263446749999999, 'm': 0.473655325, 'h': 0}",-0.1
"{'l': 0, 'm': 0.6595883515000001, 'h': 0.34041164849999994}","{'l': 0, 'm': 0, 'h': 1}","{'l': 0, 'm': 0.34969324999999996, 'h': 0.6503067500000002}",0.1
"{'l': 0.28637093700000005, 'm': 0.713629063, 'h': 0}","{'l': 0, 'm': 0, 'h': 1}","{'l': 0, 'm': 0, 'h': 1}",0.1
"{'l': 0.3871560144999999, 'm': 0.6128439855000001, 'h': 0}","{'l': 0, 'm': 0, 'h': 1}","{'l': 0, 'm': 0.34261887500000004, 'h': 0.657381125}",0.1
"{'l': 0.4962099004999998, 'm': 0.5037900995000002, 'h': 0}","{'l': 0, 'm': 0, 'h': 1}","{'l': 0, 'm': 0, 'h': 1}",0.1
"{'l': 0, 'm': 0.9891439119999998, 'h': 0.010856088000000153}","{'l': 0, 'm': 0, 'h': 1}","{'l': 0, 'm': 0, 'h': 1}",0.1
"{'l': 0.25097844700000005, 'm': 0.749021553, 'h': 0}","{'l': 0, 'm': 0, 'h': 1}","{'l': 0.25265239999999994, 'm': 0.7473476, 'h': 0}",0.0
"{'l': 0.2634845265000001, 'm': 0.7365154734999999, 'h': 0}","{'l': 0, 'm': 0, 'h': 1}","{'l': 0, 'm': 0.2721856950000001, 'h': 0.7278143049999999}",0.1
"{'l': 0.5000821934999999, 'm': 0.49991780650000006, 'h': 0}","{'l': 0, 'm': 0, 'h': 1}","{'l': 0, 'm': 0, 'h': 1}",0.0
"{'l': 0.4841077610000002, 'm': 0.5158922389999998, 'h': 0}","{'l': 0, 'm': 0, 'h': 1}","{'l': 0, 'm': 0, 'h': 1}",0.1
"{'l': 0.9461027470000001, 'm': 0.05389725299999992, 'h': 0}","{'l': 0, 'm': 0, 'h': 1}","{'l': 0.24237045999999984, 'm': 0.75762954, 'h': 0}",-0.1
"{'l': 0.989304491, 'm': 0.010695509000000047, 'h': 0}","{'l': 0, 'm': 0, 'h': 1}","{'l': 0, 'm': 0.20777582500000003, 'h': 0.7922241750000001}",0.0
"{'l': 1, 'm': 0, 'h': 0}","{'l': 0, 'm': 0, 'h': 1}","{'l': 0, 'm': 0.17613969499999993, 'h': 0.8238603050000002}",0.0
"{'l': 1, 'm': 0, 'h': 0}","{'l': 0, 'm': 0, 'h': 1}","{'l': 0.5660818349999999, 'm': 0.433918165, 'h': 0}",-0.1
"{'l': 0.9766741025000001, 'm': 0.023325897499999915, 'h': 0}","{'l': 0, 'm': 0, 'h': 1}","{'l': 0.7645852949999999, 'm': 0.23541470499999995, 'h': 0}",-0.1
"{'l': 1, 'm': 0, 'h': 0}","{'l': 0, 'm': 0, 'h': 1}","{'l': 0, 'm': 0, 'h': 1}",0.0
"{'l': 0.983370453, 'm': 0.016629546999999967, 'h': 0}","{'l': 0, 'm': 0, 'h': 1}","{'l': 0.7814693249999999, 'm': 0.21853067500000004, 'h': 0}",-0.1
"{'l': 0.27514370050000014, 'm': 0.7248562994999999, 'h': 0}","{'l': 0, 'm': 0, 'h': 1}","{'l': 0.47198534000000003, 'm': 0.52801466, 'h': 0}",0.0
"{'l': 0.482485692, 'm': 0.517514308, 'h': 0}","{'l': 0, 'm': 0, 'h': 1}","{'l': 0.56559232, 'm': 0.4344076799999999, 'h': 0}",-0.1
"{'l': 0.4951497570000001, 'm': 0.5048502429999999, 'h': 0}","{'l': 0, 'm': 0, 'h': 1}","{'l': 0.872690545, 'm': 0.12730945499999993, 'h': 0}",-0.1
"{'l': 0.4986913445000001, 'm': 0.5013086554999999, 'h': 0}","{'l': 0, 'm': 0, 'h': 1}","{'l': 0.55344145, 'm': 0.44655854999999994, 'h': 0}",-0.1
"{'l': 0.5015608185, 'm': 0.4984391815, 'h': 0}","{'l': 0, 'm': 0, 'h': 1}","{'l': 0.872690545, 'm': 0.12730945499999993, 'h': 0}",-0.1
"{'l': 0.5049455764999999, 'm': 0.49505442350000006, 'h': 0}","{'l': 0, 'm': 0, 'h': 1}","{'l': 0.55073345, 'm': 0.44926654999999993, 'h': 0}",-0.1
"{'l': 0.5080179745, 'm': 0.49198202550000003, 'h': 0}","{'l': 0, 'm': 0, 'h': 1}","{'l': 0.8708958849999999, 'm': 0.12910411499999996, 'h': 0}",-0.1
"{'l': 0, 'm': 0.2882953195, 'h': 0.7117046805}","{'l': 0, 'm': 0, 'h': 1}","{'l': 0.533020875, 'm': 0.46697912499999994, 'h': 0}",0.0
"{'l': 0.17686195149999984, 'm': 0.8231380485000002, 'h': 0}","{'l': 0, 'm': 0, 'h': 1}","{'l': 0.50763961, 'm': 0.49236039, 'h': 0}",-0.1
"{'l': 0, 'm': 0.722318231, 'h': 0.27768176899999997}","{'l': 0, 'm': 0, 'h': 1}","{'l': 0, 'm': 0, 'h': 1}",0.1
"{'l': 0.0009389125000001108, 'm': 0.9990610874999999, 'h': 0}","{'l': 0, 'm': 0, 'h': 1}","{'l': 0, 'm': 0, 'h': 1}",0.1
"{'l': 0.2318797840000002, 'm': 0.7681202159999998, 'h': 0}","{'l': 0, 'm': 0, 'h': 1}","{'l': 0, 'm': 0, 'h': 1}",0.1
"{'l': 0, 'm': 0.9888117649999999, 'h': 0.011188235000000102}","{'l': 0, 'm': 0, 'h': 1}","{'l': 0, 'm': 0, 'h': 1}",0.1
"{'l': 0.0004640029999998241, 'm': 0.9995359970000002, 'h': 0}","{'l': 0, 'm': 0, 'h': 1}","{'l': 0, 'm': 0, 'h': 1}",0.1
"{'l': 0.14760000649999983, 'm': 0.8523999935000002, 'h': 0}","{'l': 0, 'm': 0, 'h': 1}","{'l': 0, 'm': 0, 'h': 1}",0.1
"{'l': 0.4570603819999999, 'm': 0.5429396180000001, 'h': 0}","{'l': 0, 'm': 0, 'h': 1}","{'l': 0, 'm': 0, 'h': 1}",0.1
"{'l': 0.18529429850000012, 'm': 0.8147057014999999, 'h': 0}","{'l': 0, 'm': 0, 'h': 1}","{'l': 0.25813022499999994, 'm': 0.7418697750000001, 'h': 0}",0.0
"{'l': 0.5093999419999999, 'm': 0.49060005800000006, 'h': 0}","{'l': 0, 'm': 0, 'h': 1}","{'l': 0, 'm': 0, 'h': 1}",0.0
"{'l': 0.40812541450000017, 'm': 0.5918745854999998, 'h': 0}","{'l': 0, 'm': 0, 'h': 1}","{'l': 0, 'm': 0, 'h': 1}",0.1
"{'l': 0.4014906319999998, 'm': 0.5985093680000002, 'h': 0}","{'l': 0, 'm': 0, 'h': 1}","{'l': 0.25352199499999994, 'm': 0.746478005, 'h': 0}",0.0
"{'l': 0.5041189340000001, 'm': 0.4958810659999999, 'h': 0}","{'l': 0, 'm': 0, 'h': 1}","{'l': 0, 'm': 0.014544999999999975, 'h': 0.9854550000000001}",0.0
"{'l': 0.5000621005000001, 'm': 0.4999378994999999, 'h': 0}","{'l': 0, 'm': 0, 'h': 1}","{'l': 0, 'm': 0, 'h': 1}",0.0
"{'l': 0.5043601689999999, 'm': 0.4956398310000001, 'h': 0}","{'l': 0, 'm': 0, 'h': 1}","{'l': 0.2627814249999999, 'm': 0.737218575, 'h': 0}",-0.1
"{'l': 0, 'm': 0, 'h': 1}","{'l': 0, 'm': 0, 'h': 1}","{'l': 0, 'm': 0, 'h': 1}",0.2
"{'l': 0.6673167225000001, 'm': 0.33268327749999993, 'h': 0}","{'l': 0, 'm': 0, 'h': 1}","{'l': 0.29585409499999993, 'm': 0.704145905, 'h': 0}",-0.1
"{'l': 0.8986285435000001, 'm': 0.1013714564999999, 'h': 0}","{'l': 0, 'm': 0, 'h': 1}","{'l': 0, 'm': 0, 'h': 1}",0.0
"{'l': 0.9202053219999999, 'm': 0.07979467800000006, 'h': 0}","{'l': 0, 'm': 0, 'h': 1}","{'l': 0, 'm': 0.553835895, 'h': 0.4461641050000001}",-0.1
"{'l': 0.9782785574999999, 'm': 0.021721442500000077, 'h': 0}","{'l': 0, 'm': 0, 'h': 1}","{'l': 0, 'm': 0, 'h': 1}",0.0
"{'l': 0.9887524475, 'm': 0.01124755249999998, 'h': 0}","{'l': 0, 'm': 0, 'h': 1}","{'l': 0, 'm': 0, 'h': 1}",0.0
"{'l': 0.4968083495000002, 'm': 0.5031916504999998, 'h': 0}","{'l': 0, 'm': 0, 'h': 1}","{'l': 1, 'm': 0, 'h': 0}",-0.1
"{'l': 0.9996655575, 'm': 0.00033444250000003173, 'h': 0}","{'l': 0, 'm': 0, 'h': 1}","{'l': 0, 'm': 0.07253798000000006, 'h': 0.92746202}",0.0
"{'l': 0.4774253895, 'm': 0.5225746105, 'h': 0}","{'l': 0, 'm': 0, 'h': 1}","{'l': 0.9970505949999999, 'm': 0.002949405000000002, 'h': 0}",-0.1
"{'l': 0.996067053, 'm': 0.00393294700000002, 'h': 0}","{'l': 0, 'm': 0, 'h': 1}","{'l': 0, 'm': 0, 'h': 1}",0.0
"{'l': 0.4885662704999998, 'm': 0.5114337295000002, 'h': 0}","{'l': 0, 'm': 0, 'h': 1}","{'l': 1, 'm': 0, 'h': 0}",-0.1
"{'l': 0.9980445819999999, 'm': 0.0019554180000000976, 'h': 0}","{'l': 0, 'm': 0, 'h': 1}","{'l': 0, 'm': 0.76115603, 'h': 0.23884397000000002}",-0.1
"{'l': 0, 'm': 0, 'h': 1}","{'l': 0, 'm': 0, 'h': 1}","{'l': 0, 'm': 0, 'h': 1}",0.2
"{'l': 1, 'm': 0, 'h': 0}","{'l': 0, 'm': 0, 'h': 1}","{'l': 0.27407289, 'm': 0.7259271099999999, 'h': 0}",-0.1
"{'l': 0.5216260635000001, 'm': 0.47837393649999993, 'h': 0}","{'l': 0, 'm': 0, 'h': 1}","{'l': 1, 'm': 0, 'h': 0}",-0.1
"{'l': 0.9748671394999999, 'm': 0.025132860500000076, 'h': 0}","{'l': 0, 'm': 0, 'h': 1}","{'l': 0, 'm': 0.76115603, 'h': 0.23884397000000002}",-0.1
"{'l': 0.6423829514999999, 'm': 0.3576170485000001, 'h': 0}","{'l': 0, 'm': 0, 'h': 1}","{'l': 1, 'm': 0, 'h': 0}",-0.1
"{'l': 1, 'm': 0, 'h': 0}","{'l': 0, 'm': 0, 'h': 1}","{'l': 0, 'm': 0.02881084000000006, 'h': 0.97118916}",0.0
"{'l': 0.483907109, 'm': 0.516092891, 'h': 0}","{'l': 0, 'm': 0, 'h': 1}","{'l': 0, 'm': 0, 'h': 1}",0.1
"{'l': 0.8371722355, 'm': 0.16282776450000003, 'h': 0}","{'l': 0, 'm': 0, 'h': 1}","{'l': 0, 'm': 0, 'h': 1}",0.0
"{'l': 0.5194137935, 'm': 0.48058620649999995, 'h': 0}","{'l': 0, 'm': 0, 'h': 1}","{'l': 0, 'm': 0, 'h': 1}",0.0
"{'l': 0.6846876074999999, 'm': 0.3153123925000001, 'h': 0}","{'l': 0, 'm': 0, 'h': 1}","{'l': 0, 'm': 0, 'h': 1}",0.0
"{'l': 0.4198134219999998, 'm': 0.5801865780000002, 'h': 0}","{'l': 0, 'm': 1, 'h': 0.0}","{'l': 0, 'm': 0, 'h': 1}",0.2
"{'l': 0.1681865844999999, 'm': 0.8318134155000001, 'h': 0}","{'l': 0, 'm': 0, 'h': 1}","{'l': 0.24714023000000002, 'm': 0.7528597699999999, 'h': 0}",0.0
"{'l': 0, 'm': 0, 'h': 1}","{'l': 0, 'm': 0, 'h': 1}","{'l': 0.775092005, 'm': 0.22490799499999992, 'h': 0}",0.0
"{'l': 0, 'm': 0, 'h': 1}","{'l': 0, 'm': 0, 'h': 1}","{'l': 0.4874295999999999, 'm': 0.5125704, 'h': 0}",0.1
"{'l': 0.3815704580000001, 'm': 0.6184295419999999, 'h': 0}","{'l': 0, 'm': 0, 'h': 1}","{'l': 0, 'm': 0, 'h': 1}",0.1
"{'l': 0.4793408535000001, 'm': 0.5206591464999999, 'h': 0}","{'l': 0, 'm': 0, 'h': 1}","{'l': 0.48024522999999997, 'm': 0.5197547699999999, 'h': 0}",0.0
"{'l': 0.5044834844999999, 'm': 0.4955165155000001, 'h': 0}","{'l': 0, 'm': 0, 'h': 1}","{'l': 0, 'm': 0, 'h': 1}",0.0
"{'l': 0.516361525, 'm': 0.483638475, 'h': 0}","{'l': 0, 'm': 0, 'h': 1}","{'l': 0, 'm': 0, 'h': 1}",0.0
"{'l': 0.5193245234999999, 'm': 0.4806754765000001, 'h': 0}","{'l': 0, 'm': 0, 'h': 1}","{'l': 0, 'm': 0, 'h': 1}",0.0
"{'l': 0.5228884855, 'm': 0.4771115145, 'h': 0}","{'l': 0, 'm': 0, 'h': 1}","{'l': 0, 'm': 0, 'h': 1}",0.0
"{'l': 0.4990540084999999, 'm': 0.5009459915000001, 'h': 0}","{'l': 0, 'm': 0, 'h': 1}","{'l': 0.64324778, 'm': 0.35675221999999995, 'h': 0}",-0.1
"{'l': 0, 'm': 0.9150399435000001, 'h': 0.08496005649999994}","{'l': 0, 'm': 0, 'h': 1}","{'l': 0, 'm': 0, 'h': 1}",0.1
"{'l': 0.12233141550000015, 'm': 0.8776685844999998, 'h': 0}","{'l': 0, 'm': 0, 'h': 1}","{'l': 0, 'm': 0, 'h': 1}",0.1
"{'l': 0.05212453700000008, 'm': 0.9478754629999999, 'h': 0}","{'l': 0, 'm': 0, 'h': 1}","{'l': 0, 'm': 0, 'h': 1}",0.1
"{'l': 0.500069895, 'm': 0.499930105, 'h': 0}","{'l': 0, 'm': 0, 'h': 1}","{'l': 0, 'm': 0, 'h': 1}",0.0
"{'l': 0.23650570350000022, 'm': 0.7634942964999998, 'h': 0}","{'l': 0, 'm': 0, 'h': 1}","{'l': 0, 'm': 0, 'h': 1}",0.1
"{'l': 0, 'm': 0.19050358450000004, 'h': 0.8094964155}","{'l': 0, 'm': 0, 'h': 1}","{'l': 0, 'm': 0.23837365500000013, 'h': 0.7616263449999999}",0.2
"{'l': 0.2948065485, 'm': 0.7051934515, 'h': 0}","{'l': 0, 'm': 0, 'h': 1}","{'l': 0, 'm': 0, 'h': 1}",0.1
"{'l': 0.3594734759999998, 'm': 0.6405265240000002, 'h': 0}","{'l': 0, 'm': 0, 'h': 1}","{'l': 0, 'm': 0, 'h': 1}",0.1
"{'l': 0.4188271239999999, 'm': 0.5811728760000001, 'h': 0}","{'l': 0, 'm': 0, 'h': 1}","{'l': 0, 'm': 0, 'h': 1}",0.1
"{'l': 0.33238375100000006, 'm': 0.6676162489999999, 'h': 0}","{'l': 0, 'm': 0, 'h': 1}","{'l': 0, 'm': 0, 'h': 1}",0.1
"{'l': 0.477904278, 'm': 0.522095722, 'h': 0}","{'l': 0, 'm': 0, 'h': 1}","{'l': 0, 'm': 0, 'h': 1}",0.1
"{'l': 0.12858014949999985, 'm': 0.8714198505000001, 'h': 0}","{'l': 0, 'm': 0, 'h': 1}","{'l': 0, 'm': 0, 'h': 1}",0.1
"{'l': 0.22788284049999996, 'm': 0.7721171595, 'h': 0}","{'l': 0, 'm': 0, 'h': 1}","{'l': 0, 'm': 0, 'h': 1}",0.1
"{'l': 0.0076344475000000855, 'm': 0.9923655524999999, 'h': 0}","{'l': 0, 'm': 0, 'h': 1}","{'l': 0, 'm': 0, 'h': 1}",0.1
"{'l': 0.43813133550000005, 'm': 0.5618686645, 'h': 0}","{'l': 0, 'm': 0, 'h': 1}","{'l': 0, 'm': 0, 'h': 1}",0.1
"{'l': 0.4846266364999998, 'm': 0.5153733635000002, 'h': 0}","{'l': 0, 'm': 0, 'h': 1}","{'l': 0.2492693999999998, 'm': 0.7507306000000001, 'h': 0}",0.0
"{'l': 0.5066971419999999, 'm': 0.49330285800000007, 'h': 0}","{'l': 0, 'm': 0, 'h': 1}","{'l': 0, 'm': 0, 'h': 1}",0.0
"{'l': 0.4995493915, 'm': 0.5004506085, 'h': 0}","{'l': 0, 'm': 0, 'h': 1}","{'l': 0.306009545, 'm': 0.6939904549999999, 'h': 0}",0.0
"{'l': 0.49438012350000005, 'm': 0.5056198765, 'h': 0}","{'l': 0, 'm': 0, 'h': 1}","{'l': 0, 'm': 0, 'h': 1}",0.1
"{'l': 0.5031610740000001, 'm': 0.4968389259999999, 'h': 0}","{'l': 0, 'm': 0, 'h': 1}","{'l': 0.23917038499999987, 'm': 0.760829615, 'h': 0}",-0.1
"{'l': 0.5413289615000001, 'm': 0.4586710384999999, 'h': 0}","{'l': 0, 'm': 0, 'h': 1}","{'l': 0, 'm': 0, 'h': 1}",0.0
"{'l': 0.5516353734999999, 'm': 0.4483646265000001, 'h': 0}","{'l': 0, 'm': 0, 'h': 1}","{'l': 0.2750159699999999, 'm': 0.72498403, 'h': 0}",-0.1
"{'l': 0.572988222, 'm': 0.427011778, 'h': 0}","{'l': 0, 'm': 0, 'h': 1}","{'l': 0, 'm': 0.693829155, 'h': 0.306170845}",-0.1
"{'l': 0.5766480220000001, 'm': 0.4233519779999999, 'h': 0}","{'l': 0, 'm': 0, 'h': 1}","{'l': 0, 'm': 0, 'h': 1}",0.0
"{'l': 0.5781640615000001, 'm': 0.4218359384999999, 'h': 0}","{'l': 0, 'm': 0, 'h': 1}","{'l': 0, 'm': 0.693829155, 'h': 0.306170845}",-0.1
"{'l': 0.4305689949999998, 'm': 0.5694310050000002, 'h': 0}","{'l': 0, 'm': 0, 'h': 1}","{'l': 0.47340994, 'm': 0.52659006, 'h': 0}",0.0
"{'l': 0.501002427, 'm': 0.498997573, 'h': 0}","{'l': 0, 'm': 0.0, 'h': 1}","{'l': 0, 'm': 0, 'h': 1}",0.0
"{'l': 0.508982372, 'm': 0.49101762800000004, 'h': 0}","{'l': 0, 'm': 0, 'h': 1}","{'l': 0, 'm': 0.09177221000000013, 'h': 0.90822779}",0.0
"{'l': 0.49969622450000006, 'm': 0.5003037754999999, 'h': 0}","{'l': 0, 'm': 0, 'h': 1}","{'l': 0.745719205, 'm': 0.2542807949999999, 'h': 0}",-0.1
"{'l': 0.3705031674999999, 'm': 0.6294968325000001, 'h': 0}","{'l': 0, 'm': 0, 'h': 1}","{'l': 1, 'm': 0, 'h': 0}",-0.1
"{'l': 0.10406837500000021, 'm': 0.8959316249999998, 'h': 0}","{'l': 0, 'm': 0, 'h': 1}","{'l': 0, 'm': 0, 'h': 1}",0.1
"{'l': 0.9618392305000001, 'm': 0.038160769499999914, 'h': 0}","{'l': 0, 'm': 0, 'h': 1}","{'l': 0, 'm': 0, 'h': 1}",0.0
"{'l': 0.5073332614999999, 'm': 0.4926667385000001, 'h': 0}","{'l': 0, 'm': 0, 'h': 1}","{'l': 0, 'm': 0.41877777000000005, 'h': 0.5812222300000001}",0.0
"{'l': 0, 'm': 0, 'h': 1}","{'l': 0, 'm': 0, 'h': 1}","{'l': 0, 'm': 0, 'h': 1}",0.2
"{'l': 0, 'm': 0.9311871219999999, 'h': 0.06881287800000013}","{'l': 0, 'm': 0, 'h': 1}","{'l': 0, 'm': 0.37240297000000006, 'h': 0.62759703}",0.1
"{'l': 0, 'm': 0.5402313049999998, 'h': 0.45976869500000017}","{'l': 0, 'm': 0, 'h': 1}","{'l': 0, 'm': 0, 'h': 1}",0.1
"{'l': 0.1701683759999999, 'm': 0.8298316240000001, 'h': 0}","{'l': 0, 'm': 0, 'h': 1}","{'l': 0, 'm': 0.40840135, 'h': 0.5915986500000001}",0.1
"{'l': 0.4802012090000001, 'm': 0.5197987909999999, 'h': 0}","{'l': 0, 'm': 0, 'h': 1}","{'l': 0, 'm': 0, 'h': 1}",0.1
"{'l': 0.28992482949999987, 'm': 0.7100751705000001, 'h': 0}","{'l': 0, 'm': 0, 'h': 1}","{'l': 0, 'm': 0.380987515, 'h': 0.6190124850000001}",0.1
"{'l': 0.2093018830000002, 'm': 0.7906981169999998, 'h': 0}","{'l': 0, 'm': 0, 'h': 1}","{'l': 0, 'm': 0, 'h': 1}",0.1
"{'l': 0.50003033, 'm': 0.49996967000000003, 'h': 0}","{'l': 0, 'm': 0, 'h': 1}","{'l': 0, 'm': 0.40131096000000005, 'h': 0.59868904}",0.0
"{'l': 0.20704451749999997, 'm': 0.7929554825, 'h': 0}","{'l': 0, 'm': 0, 'h': 1}","{'l': 0, 'm': 0, 'h': 1}",0.1
"{'l': 0.5000083824999999, 'm': 0.4999916175000001, 'h': 0}","{'l': 0, 'm': 0, 'h': 1}","{'l': 0, 'm': 0.39028209499999994, 'h': 0.6097179050000001}",0.0
"{'l': 0.36305820649999987, 'm': 0.6369417935000001, 'h': 0}","{'l': 0, 'm': 0, 'h': 1}","{'l': 0, 'm': 0, 'h': 1}",0.1
"{'l': 0.38254502850000005, 'm': 0.6174549715, 'h': 0}","{'l': 0, 'm': 0, 'h': 1}","{'l': 0.5415803799999999, 'm': 0.45841962, 'h': 0}",-0.1
"{'l': 0.4225359714999999, 'm': 0.5774640285000001, 'h': 0}","{'l': 0, 'm': 0, 'h': 1}","{'l': 0, 'm': 0, 'h': 1}",0.1
"{'l': 0.3441058665000001, 'm': 0.6558941334999999, 'h': 0}","{'l': 0, 'm': 0, 'h': 1}","{'l': 0.54608535, 'm': 0.4539146499999999, 'h': 0}",-0.1
"{'l': 0, 'm': 0.5154481985000001, 'h': 0.4845518014999999}","{'l': 0, 'm': 0.5, 'h': 0.5}","{'l': 0, 'm': 0, 'h': 1}",0.1
"{'l': 0.030123321500000078, 'm': 0.9698766784999999, 'h': 0}","{'l': 0, 'm': 0, 'h': 1}","{'l': 0, 'm': 0, 'h': 1}",0.1
"{'l': 0, 'm': 0.8050019425000001, 'h': 0.19499805749999988}","{'l': 0, 'm': 0, 'h': 1}","{'l': 0, 'm': 0, 'h': 1}",0.1
"{'l': 0.24491186749999994, 'm': 0.7550881325000001, 'h': 0}","{'l': 0, 'm': 0, 'h': 1}","{'l': 0, 'm': 0, 'h': 1}",0.1
"{'l': 0.326575933, 'm': 0.673424067, 'h': 0}","{'l': 0, 'm': 0, 'h': 1}","{'l': 0, 'm': 0, 'h': 1}",0.1
"{'l': 0.500509133, 'm': 0.499490867, 'h': 0}","{'l': 0, 'm': 0, 'h': 1}","{'l': 0, 'm': 0.50930618, 'h': 0.49069381999999995}",-0.1
"{'l': 0.4466405189999998, 'm': 0.5533594810000002, 'h': 0}","{'l': 0, 'm': 0, 'h': 1}","{'l': 0, 'm': 0, 'h': 1}",0.1
"{'l': 0, 'm': 0.7884231740000001, 'h': 0.21157682599999994}","{'l': 0, 'm': 0, 'h': 1}","{'l': 0, 'm': 0, 'h': 1}",0.1
"{'l': 0, 'm': 0, 'h': 1}","{'l': 0, 'm': 0, 'h': 1}","{'l': 0, 'm': 0, 'h': 1}",0.2
"{'l': 0, 'm': 0.9012552170000001, 'h': 0.09874478299999989}","{'l': 0, 'm': 0, 'h': 1}","{'l': 0, 'm': 0, 'h': 1}",0.1
"{'l': 0, 'm': 0, 'h': 1}","{'l': 0, 'm': 0.0, 'h': 1}","{'l': 0, 'm': 0, 'h': 1}",0.2
"{'l': 0, 'm': 0.7180847625000002, 'h': 0.2819152374999998}","{'l': 0, 'm': 0, 'h': 1}","{'l': 0, 'm': 0.401817015, 'h': 0.598182985}",0.1
"{'l': 0, 'm': 0.3263570155000002, 'h': 0.6736429844999998}","{'l': 0, 'm': 0, 'h': 1}","{'l': 0, 'm': 0, 'h': 1}",0.2
"{'l': 0.465269621, 'm': 0.534730379, 'h': 0}","{'l': 0, 'm': 0, 'h': 1}","{'l': 0, 'm': 0, 'h': 1}",0.1
"{'l': 0.0020902450000002126, 'm': 0.9979097549999998, 'h': 0}","{'l': 0, 'm': 0, 'h': 1}","{'l': 0, 'm': 0, 'h': 1}",0.1
"{'l': 0.2654836989999998, 'm': 0.7345163010000002, 'h': 0}","{'l': 0, 'm': 0, 'h': 1}","{'l': 0, 'm': 0, 'h': 1}",0.1
"{'l': 0.002603603999999926, 'm': 0.9973963960000001, 'h': 0}","{'l': 0, 'm': 0, 'h': 1}","{'l': 0, 'm': 0, 'h': 1}",0.1
"{'l': 0.5000126174999999, 'm': 0.4999873825000001, 'h': 0}","{'l': 0, 'm': 0, 'h': 1}","{'l': 0, 'm': 0, 'h': 1}",0.0
"{'l': 0.09189946949999994, 'm': 0.9081005305000001, 'h': 0}","{'l': 0, 'm': 0, 'h': 1}","{'l': 0, 'm': 0, 'h': 1}",0.1
"{'l': 0.783653771, 'm': 0.216346229, 'h': 0}","{'l': 0, 'm': 0, 'h': 1}","{'l': 0, 'm': 0.16843244499999993, 'h': 0.8315675550000001}",0.0
"{'l': 0.6069214165000001, 'm': 0.3930785834999999, 'h': 0}","{'l': 0, 'm': 0, 'h': 1}","{'l': 0, 'm': 0.07120666999999997, 'h': 0.9287933300000001}",0.0
"{'l': 0.3818168850000001, 'm': 0.6181831149999999, 'h': 0}","{'l': 0, 'm': 0, 'h': 1}","{'l': 0.2359539799999999, 'm': 0.76404602, 'h': 0}",0.0
"{'l': 0.2066878514999999, 'm': 0.7933121485000001, 'h': 0}","{'l': 0, 'm': 0, 'h': 1}","{'l': 0, 'm': 0.025862929999999895, 'h': 0.9741370700000002}",0.1
"{'l': 1, 'm': 0, 'h': 0}","{'l': 0, 'm': 0, 'h': 1}","{'l': 0, 'm': 0.75058454, 'h': 0.2494154600000001}",-0.1
"{'l': 1, 'm': 0, 'h': 0}","{'l': 0, 'm': 0, 'h': 1}","{'l': 0, 'm': 0, 'h': 1}",0.0
"{'l': 0.488236573, 'm': 0.511763427, 'h': 0}","{'l': 0, 'm': 0, 'h': 1}","{'l': 0.308879715, 'm': 0.6911202849999999, 'h': 0}",0.0
"{'l': 0.2595915165, 'm': 0.7404084835, 'h': 0}","{'l': 0, 'm': 0, 'h': 1}","{'l': 0, 'm': 0, 'h': 1}",0.1
"{'l': 0.8266729180000001, 'm': 0.1733270819999999, 'h': 0}","{'l': 0, 'm': 0, 'h': 1}","{'l': 0.24714023000000002, 'm': 0.7528597699999999, 'h': 0}",-0.1
"{'l': 0.31387062750000005, 'm': 0.6861293725, 'h': 0}","{'l': 0, 'm': 0, 'h': 1}","{'l': 0, 'm': 0, 'h': 1}",0.1
"{'l': 0.39658749700000007, 'm': 0.6034125029999999, 'h': 0}","{'l': 0, 'm': 0, 'h': 1}","{'l': 0, 'm': 0, 'h': 1}",0.1
"{'l': 0.4718839639999999, 'm': 0.5281160360000001, 'h': 0}","{'l': 0, 'm': 0, 'h': 1}","{'l': 0, 'm': 0, 'h': 1}",0.1
"{'l': 0.5000186565, 'm': 0.4999813435, 'h': 0}","{'l': 0, 'm': 0, 'h': 1}","{'l': 0.2682728099999999, 'm': 0.73172719, 'h': 0}",-0.1
"{'l': 0.6185730445, 'm': 0.38142695550000005, 'h': 0}","{'l': 0, 'm': 0, 'h': 1}","{'l': 0, 'm': 0, 'h': 1}",0.0
"{'l': 0.6333473135000001, 'm': 0.36665268649999994, 'h': 0}","{'l': 0, 'm': 0, 'h': 1}","{'l': 0, 'm': 0, 'h': 1}",0.0
"{'l': 0.635644866, 'm': 0.36435513399999997, 'h': 0}","{'l': 0, 'm': 0, 'h': 1}","{'l': 0, 'm': 0.4567881500000001, 'h': 0.5432118499999999}",0.0
"{'l': 0.6379199369999999, 'm': 0.36208006300000006, 'h': 0}","{'l': 0, 'm': 0.5, 'h': 0.5}","{'l': 0, 'm': 0, 'h': 1}",0.0
"{'l': 0.6401801715, 'm': 0.35981982850000005, 'h': 0}","{'l': 0, 'm': 0, 'h': 1}","{'l': 0.14542065500000007, 'm': 0.8545793449999999, 'h': 0}",-0.1
"{'l': 0.07363898149999981, 'm': 0.9263610185000002, 'h': 0}","{'l': 0, 'm': 0.0, 'h': 1}","{'l': 0, 'm': 0, 'h': 1}",0.1
"{'l': 0.9769223565, 'm': 0.023077643499999967, 'h': 0}","{'l': 0, 'm': 0, 'h': 1}","{'l': 0, 'm': 0, 'h': 1}",0.0
"{'l': 1, 'm': 0, 'h': 0}","{'l': 0, 'm': 0.5, 'h': 0.5}","{'l': 0, 'm': 0, 'h': 1}",0.0
"{'l': 1, 'm': 0, 'h': 0}","{'l': 0, 'm': 0, 'h': 1}","{'l': 0.985542225, 'm': 0.01445777499999995, 'h': 0}",-0.1
"{'l': 1, 'm': 0, 'h': 0}","{'l': 0, 'm': 0, 'h': 1}","{'l': 0.81607894, 'm': 0.18392105999999991, 'h': 0}",-0.1
"{'l': 1, 'm': 0, 'h': 0}","{'l': 0, 'm': 0, 'h': 1}","{'l': 0.20625055000000003, 'm': 0.7937494499999999, 'h': 0}",-0.1
"{'l': 1, 'm': 0, 'h': 0}","{'l': 0, 'm': 0, 'h': 1}","{'l': 0, 'm': 0.38462871499999995, 'h': 0.6153712850000002}",0.0
"{'l': 1, 'm': 0, 'h': 0}","{'l': 0, 'm': 0, 'h': 1}","{'l': 1, 'm': 0, 'h': 0}",-0.1
"{'l': 0.9828094275000001, 'm': 0.01719057249999989, 'h': 0}","{'l': 0, 'm': 0, 'h': 1}","{'l': 0.7892366699999999, 'm': 0.21076333000000003, 'h': 0}",-0.1
"{'l': 1, 'm': 0, 'h': 0}","{'l': 0, 'm': 0, 'h': 1}","{'l': 0.265862915, 'm': 0.734137085, 'h': 0}",-0.1
"{'l': 1, 'm': 0, 'h': 0}","{'l': 0, 'm': 0, 'h': 1}","{'l': 0, 'm': 0, 'h': 1}",0.0
"{'l': 0, 'm': 0, 'h': 1}","{'l': 0, 'm': 0, 'h': 1}","{'l': 0, 'm': 0, 'h': 1}",0.2
"{'l': 0.771204116, 'm': 0.22879588399999995, 'h': 0}","{'l': 0, 'm': 0, 'h': 1}","{'l': 0, 'm': 0, 'h': 1}",0.0
"{'l': 1, 'm': 0, 'h': 0}","{'l': 0, 'm': 0, 'h': 1}","{'l': 0.8139839449999999, 'm': 0.18601605499999993, 'h': 0}",-0.1
"{'l': 0.0610716375, 'm': 0.9389283625, 'h': 0}","{'l': 0, 'm': 0, 'h': 1}","{'l': 0, 'm': 0, 'h': 1}",0.1
"{'l': 0.098508013, 'm': 0.901491987, 'h': 0}","{'l': 0, 'm': 0, 'h': 1}","{'l': 1, 'm': 0, 'h': 0}",-0.1
"{'l': 1, 'm': 0, 'h': 0}","{'l': 0, 'm': 0, 'h': 1}","{'l': 0.7851425099999999, 'm': 0.21485748999999998, 'h': 0}",-0.1
"{'l': 1, 'm': 0, 'h': 0}","{'l': 0, 'm': 0, 'h': 1}","{'l': 0, 'm': 0.4567881500000001, 'h': 0.5432118499999999}",0.0
"{'l': 0, 'm': 0.28309777599999997, 'h': 0.716902224}","{'l': 0.5, 'm': 0.5, 'h': 0}","{'l': 0, 'm': 0, 'h': 1}",0.3
"{'l': 0, 'm': 0.5959342445, 'h': 0.4040657555}","{'l': 0, 'm': 0, 'h': 1}","{'l': 1, 'm': 0, 'h': 0}",-0.1
"{'l': 0, 'm': 0.7006782944999999, 'h': 0.29932170550000015}","{'l': 0, 'm': 0, 'h': 1}","{'l': 1, 'm': 0, 'h': 0}",-0.1
"{'l': 0, 'm': 0.7087006945000001, 'h': 0.29129930549999994}","{'l': 0, 'm': 0, 'h': 1}","{'l': 1, 'm': 0, 'h': 0}",-0.1
"{'l': 0, 'm': 0.7163908145, 'h': 0.2836091855}","{'l': 0, 'm': 0, 'h': 1}","{'l': 1, 'm': 0, 'h': 0}",-0.1
"{'l': 0, 'm': 0.7249914290000001, 'h': 0.27500857099999987}","{'l': 0, 'm': 0, 'h': 1}","{'l': 1, 'm': 0, 'h': 0}",-0.1
"{'l': 0, 'm': 0.7333993775000001, 'h': 0.26660062249999994}","{'l': 0, 'm': 0, 'h': 1}","{'l': 1, 'm': 0, 'h': 0}",-0.1
"{'l': 0, 'm': 0.7429446249999998, 'h': 0.2570553750000002}","{'l': 0, 'm': 0, 'h': 1}","{'l': 1, 'm': 0, 'h': 0}",-0.1
"{'l': 0, 'm': 0.7514802535, 'h': 0.24851974649999997}","{'l': 0, 'm': 0, 'h': 1}","{'l': 1, 'm': 0, 'h': 0}",-0.1
"{'l': 0, 'm': 0.7607114755, 'h': 0.23928852450000004}","{'l': 0, 'm': 0, 'h': 1}","{'l': 1, 'm': 0, 'h': 0}",-0.1
"{'l': 0, 'm': 0.7686938754999999, 'h': 0.2313061245000001}","{'l': 0, 'm': 0, 'h': 1}","{'l': 1, 'm': 0, 'h': 0}",-0.1
"{'l': 0, 'm': 0.7773330430000001, 'h': 0.22266695699999994}","{'l': 0, 'm': 0, 'h': 1}","{'l': 1, 'm': 0, 'h': 0}",-0.1
"{'l': 0, 'm': 0.785315443, 'h': 0.214684557}","{'l': 0, 'm': 0, 'h': 1}","{'l': 1, 'm': 0, 'h': 0}",-0.1
"{'l': 0, 'm': 0.7945744575, 'h': 0.2054255425}","{'l': 0, 'm': 0, 'h': 1}","{'l': 1, 'm': 0, 'h': 0}",-0.1
"{'l': 0, 'm': 0.8016963659999998, 'h': 0.19830363400000017}","{'l': 0, 'm': 0, 'h': 1}","{'l': 1, 'm': 0, 'h': 0}",-0.1
"{'l': 0, 'm': 0.8095463734999999, 'h': 0.19045362650000008}","{'l': 0, 'm': 0, 'h': 1}","{'l': 1, 'm': 0, 'h': 0}",-0.1
"{'l': 0, 'm': 0.8180825734999999, 'h': 0.1819174265000001}","{'l': 0, 'm': 0, 'h': 1}","{'l': 1, 'm': 0, 'h': 0}",-0.1
"{'l': 0, 'm': 0.8271491955000001, 'h': 0.1728508044999999}","{'l': 0, 'm': 0, 'h': 1}","{'l': 1, 'm': 0, 'h': 0}",-0.1
"{'l': 0, 'm': 0.8346347155, 'h': 0.1653652845}","{'l': 0, 'm': 0, 'h': 1}","{'l': 1, 'm': 0, 'h': 0}",-0.1
"{'l': 0, 'm': 0.8440274579999998, 'h': 0.1559725420000002}","{'l': 0, 'm': 0, 'h': 1}","{'l': 0.9992187849999999, 'm': 0.0007812150000000018, 'h': 0}",-0.1
"{'l': 0, 'm': 0.8516575780000002, 'h': 0.1483424219999998}","{'l': 0, 'm': 0, 'h': 1}","{'l': 1, 'm': 0, 'h': 0}",-0.1
"{'l': 0, 'm': 0.8594168254999999, 'h': 0.14058317450000013}","{'l': 0, 'm': 0, 'h': 1}","{'l': 0.9992187849999999, 'm': 0.0007812150000000018, 'h': 0}",-0.1
"{'l': 0, 'm': 0.8676401734999999, 'h': 0.1323598265000001}","{'l': 0, 'm': 0, 'h': 1}","{'l': 1, 'm': 0, 'h': 0}",-0.1
"{'l': 0, 'm': 0.8755609409999998, 'h': 0.12443905900000019}","{'l': 0, 'm': 0, 'h': 1}","{'l': 1, 'm': 0, 'h': 0}",-0.1
"{'l': 0, 'm': 0.883026461, 'h': 0.11697353899999996}","{'l': 0, 'm': 0, 'h': 1}","{'l': 1, 'm': 0, 'h': 0}",-0.1
"{'l': 0, 'm': 0.8914610285000002, 'h': 0.1085389714999998}","{'l': 0, 'm': 0, 'h': 1}","{'l': 1, 'm': 0, 'h': 0}",-0.1
"{'l': 0, 'm': 0.9000422454999999, 'h': 0.0999577545000001}","{'l': 0, 'm': 0, 'h': 1}","{'l': 1, 'm': 0, 'h': 0}",-0.1
"{'l': 0, 'm': 0.9088382199999998, 'h': 0.09116178000000019}","{'l': 0, 'm': 0, 'h': 1}","{'l': 1, 'm': 0, 'h': 0}",-0.1
"{'l': 0, 'm': 0.9172461685000002, 'h': 0.08275383149999982}","{'l': 0, 'm': 0, 'h': 1}","{'l': 1, 'm': 0, 'h': 0}",-0.1
"{'l': 0, 'm': 0.9251854884999999, 'h': 0.07481451150000007}","{'l': 0, 'm': 0, 'h': 1}","{'l': 1, 'm': 0, 'h': 0}",-0.1
"{'l': 0, 'm': 0.9335759449999999, 'h': 0.06642405500000015}","{'l': 0, 'm': 0, 'h': 1}","{'l': 1, 'm': 0, 'h': 0}",-0.1
"{'l': 0, 'm': 0.9414906649999999, 'h': 0.05850933500000011}","{'l': 0, 'm': 0, 'h': 1}","{'l': 1, 'm': 0, 'h': 0}",-0.1
"{'l': 0, 'm': 0.9491269450000002, 'h': 0.050873054999999834}","{'l': 0, 'm': 0, 'h': 1}","{'l': 1, 'm': 0, 'h': 0}",-0.1
"{'l': 0, 'm': 0.9590626150000001, 'h': 0.04093738499999988}","{'l': 0, 'm': 0, 'h': 1}","{'l': 1, 'm': 0, 'h': 0}",-0.1
"{'l': 0, 'm': 0.9664573750000001, 'h': 0.03354262499999994}","{'l': 0, 'm': 0, 'h': 1}","{'l': 1, 'm': 0, 'h': 0}",-0.1
"{'l': 0, 'm': 0.9741305750000002, 'h': 0.02586942499999978}","{'l': 0, 'm': 0, 'h': 1}","{'l': 1, 'm': 0, 'h': 0}",-0.1
"{'l': 0, 'm': 0.9816755229999998, 'h': 0.018324477000000172}","{'l': 0, 'm': 0, 'h': 1}","{'l': 1, 'm': 0, 'h': 0}",-0.1
"{'l': 0, 'm': 0.9894408179999998, 'h': 0.010559182000000167}","{'l': 0, 'm': 0, 'h': 1}","{'l': 1, 'm': 0, 'h': 0}",-0.1
"{'l': 0, 'm': 0.9968324979999998, 'h': 0.0031675020000001552}","{'l': 0, 'm': 0, 'h': 1}","{'l': 1, 'm': 0, 'h': 0}",-0.1
"{'l': 0.00549299999999997, 'm': 0.994507, 'h': 0}","{'l': 0, 'm': 0, 'h': 1}","{'l': 1, 'm': 0, 'h': 0}",-0.1
"{'l': 0.01327387999999985, 'm': 0.9867261200000002, 'h': 0}","{'l': 0, 'm': 0, 'h': 1}","{'l': 1, 'm': 0, 'h': 0}",-0.1
"{'l': 0.021086967500000053, 'm': 0.9789130325, 'h': 0}","{'l': 0, 'm': 0, 'h': 1}","{'l': 0.99002554, 'm': 0.00997445999999999, 'h': 0}",-0.1
"{'l': 0.028890355999999784, 'm': 0.9711096440000002, 'h': 0}","{'l': 0, 'm': 0, 'h': 1}","{'l': 1, 'm': 0, 'h': 0}",-0.1
"{'l': 0.036302035999999926, 'm': 0.9636979640000001, 'h': 0}","{'l': 0, 'm': 0, 'h': 1}","{'l': 1, 'm': 0, 'h': 0}",-0.1
"{'l': 0.04384082450000015, 'm': 0.9561591754999998, 'h': 0}","{'l': 0, 'm': 0, 'h': 1}","{'l': 1, 'm': 0, 'h': 0}",-0.1
"{'l': 0.053045999000000066, 'm': 0.9469540009999999, 'h': 0}","{'l': 0, 'm': 0, 'h': 1}","{'l': 1, 'm': 0, 'h': 0}",-0.1
"{'l': 0.06156470750000009, 'm': 0.9384352924999999, 'h': 0}","{'l': 0, 'm': 0, 'h': 1}","{'l': 1, 'm': 0, 'h': 0}",-0.1
"{'l': 0.06895330750000017, 'm': 0.9310466924999998, 'h': 0}","{'l': 0, 'm': 0, 'h': 1}","{'l': 1, 'm': 0, 'h': 0}",-0.1
"{'l': 0.0771022444999998, 'm': 0.9228977555000002, 'h': 0}","{'l': 0, 'm': 0, 'h': 1}","{'l': 1, 'm': 0, 'h': 0}",-0.1
"{'l': 0.08568449199999995, 'm': 0.914315508, 'h': 0}","{'l': 0, 'm': 0, 'h': 1}","{'l': 1, 'm': 0, 'h': 0}",-0.1
"{'l': 0.09461182850000016, 'm': 0.9053881714999998, 'h': 0}","{'l': 0, 'm': 0, 'h': 1}","{'l': 1, 'm': 0, 'h': 0}",-0.1
"{'l': 0.10212350850000007, 'm': 0.8978764914999999, 'h': 0}","{'l': 0, 'm': 0, 'h': 1}","{'l': 1, 'm': 0, 'h': 0}",-0.1
"{'l': 0.10954902850000003, 'm': 0.8904509715, 'h': 0}","{'l': 0, 'm': 0, 'h': 1}","{'l': 1, 'm': 0, 'h': 0}",-0.1
"{'l': 0.11847268349999984, 'm': 0.8815273165000002, 'h': 0}","{'l': 0, 'm': 0, 'h': 1}","{'l': 1, 'm': 0, 'h': 0}",-0.1
"{'l': 0.12692831149999995, 'm': 0.8730716885, 'h': 0}","{'l': 0, 'm': 0, 'h': 1}","{'l': 1, 'm': 0, 'h': 0}",-0.1
"{'l': 0.13501367900000005, 'm': 0.864986321, 'h': 0}","{'l': 0, 'm': 0, 'h': 1}","{'l': 1, 'm': 0, 'h': 0}",-0.1
"{'l': 0.14335086750000015, 'm': 0.8566491324999999, 'h': 0}","{'l': 0, 'm': 0, 'h': 1}","{'l': 1, 'm': 0, 'h': 0}",-0.1
"{'l': 0.15209771500000002, 'm': 0.847902285, 'h': 0}","{'l': 0, 'm': 0, 'h': 1}","{'l': 1, 'm': 0, 'h': 0}",-0.1
"{'l': 0.15960015500000013, 'm': 0.8403998449999999, 'h': 0}","{'l': 0, 'm': 0, 'h': 1}","{'l': 1, 'm': 0, 'h': 0}",-0.1
"{'l': 0.1673116095, 'm': 0.8326883905, 'h': 0}","{'l': 0, 'm': 0, 'h': 1}","{'l': 1, 'm': 0, 'h': 0}",-0.1
"{'l': 0.1758533980000001, 'm': 0.8241466019999999, 'h': 0}","{'l': 0, 'm': 0, 'h': 1}","{'l': 1, 'm': 0, 'h': 0}",-0.1
"{'l': 0.18379887800000017, 'm': 0.8162011219999998, 'h': 0}","{'l': 0, 'm': 0, 'h': 1}","{'l': 0.9918359199999999, 'm': 0.008164079999999976, 'h': 0}",-0.1
"{'l': 0.19195648349999983, 'm': 0.8080435165000002, 'h': 0}","{'l': 0, 'm': 0, 'h': 1}","{'l': 1, 'm': 0, 'h': 0}",-0.1
"{'l': 0.2000587705000001, 'm': 0.7999412294999999, 'h': 0}","{'l': 0, 'm': 0, 'h': 1}","{'l': 0.9918359199999999, 'm': 0.008164079999999976, 'h': 0}",-0.1
"{'l': 0.20741353050000022, 'm': 0.7925864694999998, 'h': 0}","{'l': 0, 'm': 0, 'h': 1}","{'l': 1, 'm': 0, 'h': 0}",-0.1
"{'l': 0.21505585799999993, 'm': 0.7849441420000001, 'h': 0}","{'l': 0, 'm': 0, 'h': 1}","{'l': 1, 'm': 0, 'h': 0}",-0.1
"{'l': 0.22318844650000003, 'm': 0.7768115535, 'h': 0}","{'l': 0, 'm': 0, 'h': 1}","{'l': 1, 'm': 0, 'h': 0}",-0.1
"{'l': 0.23187058149999995, 'm': 0.7681294185, 'h': 0}","{'l': 0, 'm': 0, 'h': 1}","{'l': 1, 'm': 0, 'h': 0}",-0.1
"{'l': 0.24035487800000022, 'm': 0.7596451219999998, 'h': 0}","{'l': 0, 'm': 0, 'h': 1}","{'l': 1, 'm': 0, 'h': 0}",-0.1
"{'l': 0.2477834780000001, 'm': 0.7522165219999999, 'h': 0}","{'l': 0, 'm': 0, 'h': 1}","{'l': 1, 'm': 0, 'h': 0}",-0.1
"{'l': 0.25477462650000016, 'm': 0.7452253734999998, 'h': 0}","{'l': 0, 'm': 0, 'h': 1}","{'l': 1, 'm': 0, 'h': 0}",-0.1
"{'l': 0.2625893465, 'm': 0.7374106535, 'h': 0}","{'l': 0, 'm': 0, 'h': 1}","{'l': 1, 'm': 0, 'h': 0}",-0.1
"{'l': 0.2710342149999998, 'm': 0.7289657850000002, 'h': 0}","{'l': 0, 'm': 0, 'h': 1}","{'l': 1, 'm': 0, 'h': 0}",-0.1
"{'l': 0.2805807969999998, 'm': 0.7194192030000002, 'h': 0}","{'l': 0, 'm': 0, 'h': 1}","{'l': 1, 'm': 0, 'h': 0}",-0.1
"{'l': 0.28814015699999995, 'm': 0.711859843, 'h': 0}","{'l': 0, 'm': 0, 'h': 1}","{'l': 1, 'm': 0, 'h': 0}",-0.1
"{'l': 0.29541799699999993, 'm': 0.7045820030000001, 'h': 0}","{'l': 0, 'm': 0, 'h': 1}","{'l': 1, 'm': 0, 'h': 0}",-0.1
"{'l': 0.303919214, 'm': 0.696080786, 'h': 0}","{'l': 0, 'm': 0, 'h': 1}","{'l': 1, 'm': 0, 'h': 0}",-0.1
"{'l': 0.312504541, 'm': 0.687495459, 'h': 0}","{'l': 0, 'm': 0, 'h': 1}","{'l': 1, 'm': 0, 'h': 0}",-0.1
"{'l': 0.3198648894999998, 'm': 0.6801351105000002, 'h': 0}","{'l': 0, 'm': 0, 'h': 1}","{'l': 1, 'm': 0, 'h': 0}",-0.1
"{'l': 0.32845934450000014, 'm': 0.6715406554999999, 'h': 0}","{'l': 0, 'm': 0, 'h': 1}","{'l': 1, 'm': 0, 'h': 0}",-0.1
"{'l': 0.33653809300000015, 'm': 0.6634619069999999, 'h': 0}","{'l': 0, 'm': 0, 'h': 1}","{'l': 1, 'm': 0, 'h': 0}",-0.1
"{'l': 0.34445886000000003, 'm': 0.65554114, 'h': 0}","{'l': 0, 'm': 0, 'h': 1}","{'l': 1, 'm': 0, 'h': 0}",-0.1
"{'l': 0.3520213000000001, 'm': 0.6479786999999999, 'h': 0}","{'l': 0, 'm': 0, 'h': 1}","{'l': 1, 'm': 0, 'h': 0}",-0.1
"{'l': 0.3600450350000002, 'm': 0.6399549649999998, 'h': 0}","{'l': 0, 'm': 0, 'h': 1}","{'l': 1, 'm': 0, 'h': 0}",-0.1
"{'l': 0.3675505549999998, 'm': 0.6324494450000002, 'h': 0}","{'l': 0, 'm': 0, 'h': 1}","{'l': 1, 'm': 0, 'h': 0}",-0.1
"{'l': 0.37597733, 'm': 0.62402267, 'h': 0}","{'l': 0, 'm': 0, 'h': 1}","{'l': 1, 'm': 0, 'h': 0}",-0.1
"{'l': 0.3841631864999999, 'm': 0.6158368135000001, 'h': 0}","{'l': 0, 'm': 0, 'h': 1}","{'l': 1, 'm': 0, 'h': 0}",-0.1
"{'l': 0.3921516340000002, 'm': 0.6078483659999998, 'h': 0}","{'l': 0, 'm': 0, 'h': 1}","{'l': 1, 'm': 0, 'h': 0}",-0.1
"{'l': 0.399412554, 'm': 0.600587446, 'h': 0}","{'l': 0, 'm': 0, 'h': 1}","{'l': 1, 'm': 0, 'h': 0}",-0.1
"{'l': 0.4080361360000002, 'm': 0.5919638639999998, 'h': 0}","{'l': 0, 'm': 0, 'h': 1}","{'l': 1, 'm': 0, 'h': 0}",-0.1
"{'l': 0.41534781600000015, 'm': 0.5846521839999999, 'h': 0}","{'l': 0, 'm': 0, 'h': 1}","{'l': 1, 'm': 0, 'h': 0}",-0.1
"{'l': 0.42469759100000015, 'm': 0.5753024089999998, 'h': 0}","{'l': 0, 'm': 0, 'h': 1}","{'l': 1, 'm': 0, 'h': 0}",-0.1
"{'l': 0.432569231, 'm': 0.567430769, 'h': 0}","{'l': 0, 'm': 0, 'h': 1}","{'l': 1, 'm': 0, 'h': 0}",-0.1
"{'l': 0.4407528530000002, 'm': 0.5592471469999998, 'h': 0}","{'l': 0, 'm': 0, 'h': 1}","{'l': 0.9944895549999999, 'm': 0.005510445000000003, 'h': 0}",-0.1
"{'l': 0.44851373299999997, 'm': 0.551486267, 'h': 0}","{'l': 0, 'm': 0, 'h': 1}","{'l': 1, 'm': 0, 'h': 0}",-0.1
"{'l': 0.4568284130000002, 'm': 0.5431715869999998, 'h': 0}","{'l': 0, 'm': 0, 'h': 1}","{'l': 1, 'm': 0, 'h': 0}",-0.1
"{'l': 0.46564556150000014, 'm': 0.5343544384999999, 'h': 0}","{'l': 0, 'm': 0, 'h': 1}","{'l': 1, 'm': 0, 'h': 0}",-0.1
"{'l': 0.4736800565000001, 'm': 0.5263199434999999, 'h': 0}","{'l': 0, 'm': 0, 'h': 1}","{'l': 1, 'm': 0, 'h': 0}",-0.1
"{'l': 0.4818664844999998, 'm': 0.5181335155000002, 'h': 0}","{'l': 0, 'm': 0, 'h': 1}","{'l': 1, 'm': 0, 'h': 0}",-0.1
"{'l': 0.4894658445000002, 'm': 0.5105341554999998, 'h': 0}","{'l': 0, 'm': 0, 'h': 1}","{'l': 1, 'm': 0, 'h': 0}",-0.1
"{'l': 0.4979670614999998, 'm': 0.5020329385000002, 'h': 0}","{'l': 0, 'm': 0, 'h': 1}","{'l': 1, 'm': 0, 'h': 0}",-0.1
"{'l': 0.506501629, 'm': 0.49349837100000005, 'h': 0}","{'l': 0, 'm': 0, 'h': 1}","{'l': 1, 'm': 0, 'h': 0}",-0.1
"{'l': 0.5152843654999999, 'm': 0.4847156345000001, 'h': 0}","{'l': 0, 'm': 0, 'h': 1}","{'l': 1, 'm': 0, 'h': 0}",-0.1
"{'l': 0.5230052455, 'm': 0.47699475449999995, 'h': 0}","{'l': 0, 'm': 0, 'h': 1}","{'l': 1, 'm': 0, 'h': 0}",-0.1
"{'l': 0.5307322855000001, 'm': 0.46926771449999993, 'h': 0}","{'l': 0, 'm': 0, 'h': 1}","{'l': 1, 'm': 0, 'h': 0}",-0.1
"{'l': 1, 'm': 0, 'h': 0}","{'l': 0, 'm': 0, 'h': 1}","{'l': 0, 'm': 0.4055003900000001, 'h': 0.59449961}",0.0
"{'l': 0, 'm': 0.8290829805, 'h': 0.17091701950000004}","{'l': 0, 'm': 0, 'h': 1}","{'l': 0, 'm': 0, 'h': 1}",0.1
"{'l': 0, 'm': 0.9739504459999999, 'h': 0.026049554000000086}","{'l': 0, 'm': 0, 'h': 1}","{'l': 1, 'm': 0, 'h': 0}",-0.1
"{'l': 0.007360993499999857, 'm': 0.9926390065000001, 'h': 0}","{'l': 0, 'm': 0, 'h': 1}","{'l': 1, 'm': 0, 'h': 0}",-0.1
"{'l': 0.012057986999999937, 'm': 0.9879420130000001, 'h': 0}","{'l': 0, 'm': 0, 'h': 1}","{'l': 1, 'm': 0, 'h': 0}",-0.1
"{'l': 0.016772179500000206, 'm': 0.9832278204999998, 'h': 0}","{'l': 0, 'm': 0, 'h': 1}","{'l': 1, 'm': 0, 'h': 0}",-0.1
"{'l': 0.020992077499999873, 'm': 0.9790079225000001, 'h': 0}","{'l': 0, 'm': 0, 'h': 1}","{'l': 1, 'm': 0, 'h': 0}",-0.1
"{'l': 0.026062462500000105, 'm': 0.9739375374999999, 'h': 0}","{'l': 0, 'm': 0, 'h': 1}","{'l': 1, 'm': 0, 'h': 0}",-0.1
"{'l': 0.03010020950000003, 'm': 0.9698997905, 'h': 0}","{'l': 0, 'm': 0, 'h': 1}","{'l': 1, 'm': 0, 'h': 0}",-0.1
"{'l': 0.03430900949999982, 'm': 0.9656909905000002, 'h': 0}","{'l': 0, 'm': 0, 'h': 1}","{'l': 1, 'm': 0, 'h': 0}",-0.1
"{'l': 0.03856755749999996, 'm': 0.9614324425, 'h': 0}","{'l': 0, 'm': 0, 'h': 1}","{'l': 0.9954838399999999, 'm': 0.00451615999999995, 'h': 0}",-0.1
"{'l': 0.04396714250000011, 'm': 0.9560328574999999, 'h': 0}","{'l': 0, 'm': 0, 'h': 1}","{'l': 1, 'm': 0, 'h': 0}",-0.1
"{'l': 0.048013790999999806, 'm': 0.9519862090000002, 'h': 0}","{'l': 0, 'm': 0, 'h': 1}","{'l': 1, 'm': 0, 'h': 0}",-0.1
"{'l': 0.05287964100000009, 'm': 0.9471203589999999, 'h': 0}","{'l': 0, 'm': 0, 'h': 1}","{'l': 1, 'm': 0, 'h': 0}",-0.1
"{'l': 0.05777388949999995, 'm': 0.9422261105, 'h': 0}","{'l': 0, 'm': 0, 'h': 1}","{'l': 1, 'm': 0, 'h': 0}",-0.1
"{'l': 0.06203262450000002, 'm': 0.9379673755, 'h': 0}","{'l': 0, 'm': 0, 'h': 1}","{'l': 1, 'm': 0, 'h': 0}",-0.1
"{'l': 0.06573897449999988, 'm': 0.9342610255000001, 'h': 0}","{'l': 0, 'm': 0, 'h': 1}","{'l': 1, 'm': 0, 'h': 0}",-0.1
"{'l': 0.06991341699999998, 'm': 0.930086583, 'h': 0}","{'l': 0, 'm': 0, 'h': 1}","{'l': 1, 'm': 0, 'h': 0}",-0.1
"{'l': 0.0744687169999998, 'm': 0.9255312830000002, 'h': 0}","{'l': 0, 'm': 0, 'h': 1}","{'l': 0.9967500299999998, 'm': 0.003249970000000005, 'h': 0}",-0.1
"{'l': 0.07950045149999996, 'm': 0.9204995485, 'h': 0}","{'l': 0, 'm': 0, 'h': 1}","{'l': 1, 'm': 0, 'h': 0}",-0.1
"{'l': 0.08418279999999978, 'm': 0.9158172000000002, 'h': 0}","{'l': 0, 'm': 0, 'h': 1}","{'l': 1, 'm': 0, 'h': 0}",-0.1
"{'l': 0.08860484999999985, 'm': 0.9113951500000002, 'h': 0}","{'l': 0, 'm': 0, 'h': 1}","{'l': 1, 'm': 0, 'h': 0}",-0.1
"{'l': 0.09418724699999981, 'm': 0.9058127530000002, 'h': 0}","{'l': 0, 'm': 0, 'h': 1}","{'l': 1, 'm': 0, 'h': 0}",-0.1
"{'l': 0.09914904700000005, 'm': 0.900850953, 'h': 0}","{'l': 0, 'm': 0, 'h': 1}","{'l': 1, 'm': 0, 'h': 0}",-0.1
"{'l': 0.1042192449999999, 'm': 0.8957807550000001, 'h': 0}","{'l': 0, 'm': 0, 'h': 1}","{'l': 1, 'm': 0, 'h': 0}",-0.1
"{'l': 0.10886583000000005, 'm': 0.89113417, 'h': 0}","{'l': 0, 'm': 0, 'h': 1}","{'l': 1, 'm': 0, 'h': 0}",-0.1
"{'l': 0.11301732999999992, 'm': 0.8869826700000001, 'h': 0}","{'l': 0, 'm': 0, 'h': 1}","{'l': 0.99048577, 'm': 0.009514229999999999, 'h': 0}",-0.1
"{'l': 0.11706416499999994, 'm': 0.8829358350000001, 'h': 0}","{'l': 0, 'm': 0, 'h': 1}","{'l': 1, 'm': 0, 'h': 0}",-0.1
"{'l': 0.12241736150000015, 'm': 0.8775826384999998, 'h': 0}","{'l': 0, 'm': 0, 'h': 1}","{'l': 0.99048577, 'm': 0.009514229999999999, 'h': 0}",-0.1
"{'l': 0.12690100400000004, 'm': 0.873098996, 'h': 0}","{'l': 0, 'm': 0, 'h': 1}","{'l': 1, 'm': 0, 'h': 0}",-0.1
"{'l': 0.13107605099999997, 'm': 0.868923949, 'h': 0}","{'l': 0, 'm': 0, 'h': 1}","{'l': 1, 'm': 0, 'h': 0}",-0.1
"{'l': 0.1353035010000001, 'm': 0.8646964989999999, 'h': 0}","{'l': 0, 'm': 0, 'h': 1}","{'l': 1, 'm': 0, 'h': 0}",-0.1
"{'l': 0.14004314949999985, 'm': 0.8599568505000001, 'h': 0}","{'l': 0, 'm': 0, 'h': 1}","{'l': 0.994987185, 'm': 0.00501281499999999, 'h': 0}",-0.1
"{'l': 0.14459844950000011, 'm': 0.8554015504999999, 'h': 0}","{'l': 0, 'm': 0, 'h': 1}","{'l': 1, 'm': 0, 'h': 0}",-0.1
"{'l': 0.14991164600000007, 'm': 0.8500883539999999, 'h': 0}","{'l': 0, 'm': 0, 'h': 1}","{'l': 1, 'm': 0, 'h': 0}",-0.1
"{'l': 0.15494203100000004, 'm': 0.845057969, 'h': 0}","{'l': 0, 'm': 0, 'h': 1}","{'l': 1, 'm': 0, 'h': 0}",-0.1
"{'l': 0.15990248100000004, 'm': 0.840097519, 'h': 0}","{'l': 0, 'm': 0, 'h': 1}","{'l': 0.9896959399999999, 'm': 0.010304059999999976, 'h': 0}",-0.1
"{'l': 0.16479397350000013, 'm': 0.8352060264999999, 'h': 0}","{'l': 0, 'm': 0, 'h': 1}","{'l': 1, 'm': 0, 'h': 0}",-0.1
"{'l': 0.16996147199999978, 'm': 0.8300385280000002, 'h': 0}","{'l': 0, 'm': 0, 'h': 1}","{'l': 1, 'm': 0, 'h': 0}",-0.1
"{'l': 0.17490462200000012, 'm': 0.8250953779999999, 'h': 0}","{'l': 0, 'm': 0, 'h': 1}","{'l': 1, 'm': 0, 'h': 0}",-0.1
"{'l': 0.17979131849999996, 'm': 0.8202086815, 'h': 0}","{'l': 0, 'm': 0, 'h': 1}","{'l': 1, 'm': 0, 'h': 0}",-0.1
"{'l': 0.18456416099999995, 'm': 0.815435839, 'h': 0}","{'l': 0, 'm': 0, 'h': 1}","{'l': 1, 'm': 0, 'h': 0}",-0.1
"{'l': 0.18803996099999987, 'm': 0.8119600390000001, 'h': 0}","{'l': 0, 'm': 0, 'h': 1}","{'l': 1, 'm': 0, 'h': 0}",-0.1
"{'l': 0.19313463850000012, 'm': 0.8068653614999999, 'h': 0}","{'l': 0, 'm': 0, 'h': 1}","{'l': 1, 'm': 0, 'h': 0}",-0.1
"{'l': 0.1980937384999999, 'm': 0.8019062615000001, 'h': 0}","{'l': 0, 'm': 0, 'h': 1}","{'l': 0.996486775, 'm': 0.0035132249999999393, 'h': 0}",-0.1
"{'l': 0.20318118100000016, 'm': 0.7968188189999998, 'h': 0}","{'l': 0, 'm': 0, 'h': 1}","{'l': 1, 'm': 0, 'h': 0}",-0.1
"{'l': 0.2073437789999999, 'm': 0.7926562210000001, 'h': 0}","{'l': 0, 'm': 0, 'h': 1}","{'l': 1, 'm': 0, 'h': 0}",-0.1
"{'l': 0.21138632150000003, 'm': 0.7886136785, 'h': 0}","{'l': 0, 'm': 0, 'h': 1}","{'l': 1, 'm': 0, 'h': 0}",-0.1
"{'l': 0.2163805700000001, 'm': 0.7836194299999999, 'h': 0}","{'l': 0, 'm': 0, 'h': 1}","{'l': 0.9923846749999999, 'm': 0.007615324999999951, 'h': 0}",-0.1
"{'l': 0.22091722000000003, 'm': 0.77908278, 'h': 0}","{'l': 0, 'm': 0, 'h': 1}","{'l': 1, 'm': 0, 'h': 0}",-0.1
"{'l': 0.22568931650000001, 'm': 0.7743106835, 'h': 0}","{'l': 0, 'm': 0, 'h': 1}","{'l': 1, 'm': 0, 'h': 0}",-0.1
"{'l': 0.2304878014999998, 'm': 0.7695121985000002, 'h': 0}","{'l': 0, 'm': 0, 'h': 1}","{'l': 1, 'm': 0, 'h': 0}",-0.1
"{'l': 0.23499690000000006, 'm': 0.7650030999999999, 'h': 0}","{'l': 0, 'm': 0, 'h': 1}","{'l': 1, 'm': 0, 'h': 0}",-0.1
"{'l': 0.23936029999999997, 'm': 0.7606397, 'h': 0}","{'l': 0, 'm': 0, 'h': 1}","{'l': 1, 'm': 0, 'h': 0}",-0.1
"{'l': 0.24406264849999992, 'm': 0.7559373515000001, 'h': 0}","{'l': 0, 'm': 0, 'h': 1}","{'l': 1, 'm': 0, 'h': 0}",-0.1
"{'l': 0.24813549849999994, 'm': 0.7518645015000001, 'h': 0}","{'l': 0, 'm': 0, 'h': 1}","{'l': 1, 'm': 0, 'h': 0}",-0.1
"{'l': 0.2532851935, 'm': 0.7467148065, 'h': 0}","{'l': 0, 'm': 0, 'h': 1}","{'l': 1, 'm': 0, 'h': 0}",-0.1
"{'l': 0.25813533600000005, 'm': 0.741864664, 'h': 0}","{'l': 0, 'm': 0, 'h': 1}","{'l': 1, 'm': 0, 'h': 0}",-0.1
"{'l': 0.262092236, 'm': 0.737907764, 'h': 0}","{'l': 0, 'm': 0, 'h': 1}","{'l': 1, 'm': 0, 'h': 0}",-0.1
"{'l': 0.2659401785000002, 'm': 0.7340598214999998, 'h': 0}","{'l': 0, 'm': 0, 'h': 1}","{'l': 1, 'm': 0, 'h': 0}",-0.1
"{'l': 0.27086687499999984, 'm': 0.7291331250000002, 'h': 0}","{'l': 0, 'm': 0, 'h': 1}","{'l': 1, 'm': 0, 'h': 0}",-0.1
"{'l': 0.27551947499999985, 'm': 0.7244805250000002, 'h': 0}","{'l': 0, 'm': 0, 'h': 1}","{'l': 1, 'm': 0, 'h': 0}",-0.1
"{'l': 0.28019427200000013, 'm': 0.7198057279999999, 'h': 0}","{'l': 0, 'm': 0, 'h': 1}","{'l': 0.9916007250000001, 'm': 0.00839927499999997, 'h': 0}",-0.1
"{'l': 0.28456331450000016, 'm': 0.7154366854999998, 'h': 0}","{'l': 0, 'm': 0, 'h': 1}","{'l': 1, 'm': 0, 'h': 0}",-0.1
"{'l': 0.2895148624999999, 'm': 0.7104851375000001, 'h': 0}","{'l': 0, 'm': 0, 'h': 1}","{'l': 1, 'm': 0, 'h': 0}",-0.1
"{'l': 0.29393421249999996, 'm': 0.7060657875, 'h': 0}","{'l': 0, 'm': 0, 'h': 1}","{'l': 1, 'm': 0, 'h': 0}",-0.1
"{'l': 0.29794221100000007, 'm': 0.7020577889999999, 'h': 0}","{'l': 0, 'm': 0, 'h': 1}","{'l': 1, 'm': 0, 'h': 0}",-0.1
"{'l': 0.30304425349999997, 'm': 0.6969557465, 'h': 0}","{'l': 0, 'm': 0, 'h': 1}","{'l': 1, 'm': 0, 'h': 0}",-0.1
"{'l': 0.30818420049999995, 'm': 0.6918157995, 'h': 0}","{'l': 0, 'm': 0, 'h': 1}","{'l': 1, 'm': 0, 'h': 0}",-0.1
"{'l': 0.3128395005, 'm': 0.6871604995, 'h': 0}","{'l': 0, 'm': 0, 'h': 1}","{'l': 1, 'm': 0, 'h': 0}",-0.1
"{'l': 0.3182024454999999, 'm': 0.6817975545000001, 'h': 0}","{'l': 0, 'm': 0, 'h': 1}","{'l': 1, 'm': 0, 'h': 0}",-0.1
"{'l': 0.32293933799999985, 'm': 0.6770606620000001, 'h': 0}","{'l': 0, 'm': 0, 'h': 1}","{'l': 1, 'm': 0, 'h': 0}",-0.1
"{'l': 0.3273497860000001, 'm': 0.6726502139999999, 'h': 0}","{'l': 0, 'm': 0, 'h': 1}","{'l': 1, 'm': 0, 'h': 0}",-0.1
"{'l': 0.33171048599999997, 'm': 0.668289514, 'h': 0}","{'l': 0, 'm': 0, 'h': 1}","{'l': 1, 'm': 0, 'h': 0}",-0.1
"{'l': 0.33730398149999985, 'm': 0.6626960185000002, 'h': 0}","{'l': 0, 'm': 0, 'h': 1}","{'l': 0.9941074599999999, 'm': 0.005892539999999974, 'h': 0}",-0.1
"{'l': 0.34128358149999993, 'm': 0.6587164185000001, 'h': 0}","{'l': 0, 'm': 0, 'h': 1}","{'l': 1, 'm': 0, 'h': 0}",-0.1
"{'l': 0.3465892264999999, 'm': 0.6534107735000001, 'h': 0}","{'l': 0, 'm': 0, 'h': 1}","{'l': 1, 'm': 0, 'h': 0}",-0.1
"{'l': 0.3556153270000002, 'm': 0.6443846729999998, 'h': 0}","{'l': 0, 'm': 0, 'h': 1}","{'l': 1, 'm': 0, 'h': 0}",-0.1
"{'l': 0.37190208049999995, 'm': 0.6280979195, 'h': 0}","{'l': 0, 'm': 0, 'h': 1}","{'l': 0.9790423549999999, 'm': 0.020957644999999997, 'h': 0}",-0.1
"{'l': 0.38537292050000005, 'm': 0.6146270795, 'h': 0}","{'l': 0, 'm': 0, 'h': 1}","{'l': 1, 'm': 0, 'h': 0}",-0.1
"{'l': 0.4008558605000001, 'm': 0.5991441394999999, 'h': 0}","{'l': 0, 'm': 0, 'h': 1}","{'l': 1, 'm': 0, 'h': 0}",-0.1
"{'l': 0.4163479040000002, 'm': 0.5836520959999998, 'h': 0}","{'l': 0, 'm': 0, 'h': 1}","{'l': 1, 'm': 0, 'h': 0}",-0.1
"{'l': 0.4339041429999999, 'm': 0.5660958570000001, 'h': 0}","{'l': 0, 'm': 0, 'h': 1}","{'l': 1, 'm': 0, 'h': 0}",-0.1
"{'l': 0.45050654450000005, 'm': 0.5494934555, 'h': 0}","{'l': 0, 'm': 0, 'h': 1}","{'l': 1, 'm': 0, 'h': 0}",-0.1
"{'l': 0.46659420800000007, 'm': 0.5334057919999999, 'h': 0}","{'l': 0, 'm': 0, 'h': 1}","{'l': 1, 'm': 0, 'h': 0}",-0.1
"{'l': 0.4819475839999998, 'm': 0.5180524160000002, 'h': 0}","{'l': 0, 'm': 0, 'h': 1}","{'l': 1, 'm': 0, 'h': 0}",-0.1
"{'l': 0.4981089559999998, 'm': 0.5018910440000002, 'h': 0}","{'l': 0, 'm': 0, 'h': 1}","{'l': 1, 'm': 0, 'h': 0}",-0.1
"{'l': 0.5128804575000001, 'm': 0.4871195424999999, 'h': 0}","{'l': 0, 'm': 0, 'h': 1}","{'l': 1, 'm': 0, 'h': 0}",-0.1
"{'l': 0.5289039394999999, 'm': 0.4710960605000001, 'h': 0}","{'l': 0, 'm': 0, 'h': 1}","{'l': 1, 'm': 0, 'h': 0}",-0.1
"{'l': 1, 'm': 0, 'h': 0}","{'l': 0, 'm': 0, 'h': 1}","{'l': 0, 'm': 0, 'h': 1}",0.0
"{'l': 1, 'm': 0, 'h': 0}","{'l': 0, 'm': 0, 'h': 1}","{'l': 0, 'm': 0, 'h': 1}",0.0
"{'l': 0.49374501150000016, 'm': 0.5062549884999998, 'h': 0}","{'l': 0, 'm': 0, 'h': 1}","{'l': 1, 'm': 0, 'h': 0}",-0.1
"{'l': 0.1574374930000002, 'm': 0.8425625069999998, 'h': 0}","{'l': 0, 'm': 0, 'h': 1}","{'l': 0, 'm': 0, 'h': 1}",0.1
"{'l': 0.4670198095, 'm': 0.5329801905, 'h': 0}","{'l': 0, 'm': 0, 'h': 1}","{'l': 1, 'm': 0, 'h': 0}",-0.1
"{'l': 0.4910848689999998, 'm': 0.5089151310000002, 'h': 0}","{'l': 0, 'm': 0, 'h': 1}","{'l': 1, 'm': 0, 'h': 0}",-0.1
"{'l': 0.49597156600000014, 'm': 0.5040284339999999, 'h': 0}","{'l': 0, 'm': 0, 'h': 1}","{'l': 1, 'm': 0, 'h': 0}",-0.1
"{'l': 0.5012152009999999, 'm': 0.49878479900000006, 'h': 0}","{'l': 0, 'm': 0, 'h': 1}","{'l': 1, 'm': 0, 'h': 0}",-0.1
"{'l': 0.505532399, 'm': 0.494467601, 'h': 0}","{'l': 0, 'm': 0, 'h': 1}","{'l': 1, 'm': 0, 'h': 0}",-0.1
"{'l': 1, 'm': 0, 'h': 0}","{'l': 0, 'm': 0, 'h': 1}","{'l': 0.38119027, 'm': 0.61880973, 'h': 0}",-0.1
"{'l': 1, 'm': 0, 'h': 0}","{'l': 0, 'm': 0, 'h': 1}","{'l': 0, 'm': 0.07253798000000006, 'h': 0.92746202}",0.0
"{'l': 0.7430368704999999, 'm': 0.2569631295000001, 'h': 0}","{'l': 0, 'm': 0, 'h': 1}","{'l': 1, 'm': 0, 'h': 0}",-0.1
"{'l': 0.9975119269999999, 'm': 0.0024880730000000906, 'h': 0}","{'l': 0, 'm': 0, 'h': 1}","{'l': 0, 'm': 0, 'h': 1}",0.0
"{'l': 0.49093148200000014, 'm': 0.5090685179999999, 'h': 0}","{'l': 0, 'm': 0, 'h': 1}","{'l': 1, 'm': 0, 'h': 0}",-0.1
"{'l': 1, 'm': 0, 'h': 0}","{'l': 0, 'm': 0, 'h': 1}","{'l': 0, 'm': 0, 'h': 1}",0.0
"{'l': 0.500792565, 'm': 0.499207435, 'h': 0}","{'l': 0, 'm': 0, 'h': 1}","{'l': 1, 'm': 0, 'h': 0}",-0.1
"{'l': 0.4934942360000001, 'm': 0.5065057639999999, 'h': 0}","{'l': 0, 'm': 0, 'h': 1}","{'l': 0, 'm': 0, 'h': 1}",0.1
"{'l': 0.1492811679999999, 'm': 0.8507188320000001, 'h': 0}","{'l': 0, 'm': 0, 'h': 1}","{'l': 0.9943858699999999, 'm': 0.005614129999999967, 'h': 0}",-0.1
"{'l': 1, 'm': 0, 'h': 0}","{'l': 0, 'm': 0, 'h': 1}","{'l': 0.04216373999999995, 'm': 0.95783626, 'h': 0}",-0.1
"{'l': 0, 'm': 0.7680170314999999, 'h': 0.2319829685000001}","{'l': 0, 'm': 0, 'h': 1}","{'l': 1, 'm': 0, 'h': 0}",-0.1
"{'l': 0, 'm': 0.7808638265000001, 'h': 0.21913617349999992}","{'l': 0, 'm': 0, 'h': 1}","{'l': 1, 'm': 0, 'h': 0}",-0.1
"{'l': 0, 'm': 0.7841021819999998, 'h': 0.21589781800000019}","{'l': 0, 'm': 0, 'h': 1}","{'l': 1, 'm': 0, 'h': 0}",-0.1
"{'l': 0, 'm': 0.7869822169999998, 'h': 0.21301778300000018}","{'l': 0, 'm': 0, 'h': 1}","{'l': 1, 'm': 0, 'h': 0}",-0.1
"{'l': 0, 'm': 0.790286617, 'h': 0.20971338299999998}","{'l': 0, 'm': 0, 'h': 1}","{'l': 1, 'm': 0, 'h': 0}",-0.1
"{'l': 0, 'm': 0.793042931, 'h': 0.206957069}","{'l': 0, 'm': 0, 'h': 1}","{'l': 1, 'm': 0, 'h': 0}",-0.1
"{'l': 0, 'm': 0.7955975464999998, 'h': 0.2044024535000002}","{'l': 0, 'm': 0, 'h': 1}","{'l': 1, 'm': 0, 'h': 0}",-0.1
"{'l': 0, 'm': 0.7980643095, 'h': 0.20193569050000004}","{'l': 0, 'm': 0, 'h': 1}","{'l': 1, 'm': 0, 'h': 0}",-0.1
"{'l': 0, 'm': 0.5584061585, 'h': 0.44159384150000003}","{'l': 0, 'm': 0, 'h': 1}","{'l': 1, 'm': 0, 'h': 0}",-0.1
"{'l': 0, 'm': 0.8044511454999999, 'h': 0.19554885450000015}","{'l': 0, 'm': 0, 'h': 1}","{'l': 1, 'm': 0, 'h': 0}",-0.1
"{'l': 0, 'm': 0.8075623515000001, 'h': 0.1924376484999999}","{'l': 0, 'm': 0, 'h': 1}","{'l': 1, 'm': 0, 'h': 0}",-0.1
"{'l': 0, 'm': 0.8107916374999999, 'h': 0.18920836250000006}","{'l': 0, 'm': 0, 'h': 1}","{'l': 1, 'm': 0, 'h': 0}",-0.1
"{'l': 0, 'm': 0.8142116915000002, 'h': 0.18578830849999983}","{'l': 0, 'm': 0, 'h': 1}","{'l': 1, 'm': 0, 'h': 0}",-0.1
"{'l': 0, 'm': 0.8167424754999999, 'h': 0.1832575245000001}","{'l': 0, 'm': 0, 'h': 1}","{'l': 1, 'm': 0, 'h': 0}",-0.1
"{'l': 0, 'm': 0.819524833, 'h': 0.180475167}","{'l': 0, 'm': 0, 'h': 1}","{'l': 1, 'm': 0, 'h': 0}",-0.1
"{'l': 0, 'm': 0.8224870800000001, 'h': 0.17751291999999985}","{'l': 0, 'm': 0, 'h': 1}","{'l': 1, 'm': 0, 'h': 0}",-0.1
"{'l': 0, 'm': 0.8253332699999998, 'h': 0.17466673000000021}","{'l': 0, 'm': 0, 'h': 1}","{'l': 1, 'm': 0, 'h': 0}",-0.1
"{'l': 0, 'm': 0.8284399410000001, 'h': 0.17156005899999993}","{'l': 0, 'm': 0, 'h': 1}","{'l': 1, 'm': 0, 'h': 0}",-0.1
"{'l': 0, 'm': 0.831120087, 'h': 0.16887991300000005}","{'l': 0, 'm': 0, 'h': 1}","{'l': 0.999377545, 'm': 0.0006224549999999524, 'h': 0}",-0.1
"{'l': 0, 'm': 0.8346156059999998, 'h': 0.16538439400000016}","{'l': 0, 'm': 0, 'h': 1}","{'l': 1, 'm': 0, 'h': 0}",-0.1
"{'l': 0, 'm': 0.8382039154999998, 'h': 0.16179608450000016}","{'l': 0, 'm': 0, 'h': 1}","{'l': 0.999377545, 'm': 0.0006224549999999524, 'h': 0}",-0.1
"{'l': 0, 'm': 0.8409624414999999, 'h': 0.15903755850000012}","{'l': 0, 'm': 0, 'h': 1}","{'l': 1, 'm': 0, 'h': 0}",-0.1
"{'l': 0, 'm': 0.8437236934999999, 'h': 0.15627630650000013}","{'l': 0, 'm': 0, 'h': 1}","{'l': 1, 'm': 0, 'h': 0}",-0.1
"{'l': 0, 'm': 0.8466819194999999, 'h': 0.15331808050000006}","{'l': 0, 'm': 0, 'h': 1}","{'l': 1, 'm': 0, 'h': 0}",-0.1
"{'l': 0, 'm': 0.6575783744999999, 'h': 0.3424216255000001}","{'l': 0, 'm': 0, 'h': 1}","{'l': 0.99871702, 'm': 0.0012829799999999891, 'h': 0}",-0.1
"{'l': 0, 'm': 0.8522632065, 'h': 0.14773679350000002}","{'l': 0, 'm': 0, 'h': 1}","{'l': 1, 'm': 0, 'h': 0}",-0.1
"{'l': 0, 'm': 0.8553344119999999, 'h': 0.14466558800000007}","{'l': 0, 'm': 0, 'h': 1}","{'l': 1, 'm': 0, 'h': 0}",-0.1
"{'l': 0, 'm': 0.8587088249999999, 'h': 0.1412911750000001}","{'l': 0, 'm': 0, 'h': 1}","{'l': 1, 'm': 0, 'h': 0}",-0.1
"{'l': 0, 'm': 0.8619644549999999, 'h': 0.13803554500000015}","{'l': 0, 'm': 0, 'h': 1}","{'l': 1, 'm': 0, 'h': 0}",-0.1
"{'l': 0, 'm': 0.8647811719999998, 'h': 0.13521882800000018}","{'l': 0, 'm': 0, 'h': 1}","{'l': 1, 'm': 0, 'h': 0}",-0.1
"{'l': 0, 'm': 0.867900042, 'h': 0.13209995799999996}","{'l': 0, 'm': 0, 'h': 1}","{'l': 1, 'm': 0, 'h': 0}",-0.1
"{'l': 0, 'm': 0.8701641900000001, 'h': 0.12983580999999988}","{'l': 0, 'm': 0, 'h': 1}","{'l': 1, 'm': 0, 'h': 0}",-0.1
"{'l': 0, 'm': 0.8728205039999999, 'h': 0.12717949600000011}","{'l': 0, 'm': 0, 'h': 1}","{'l': 1, 'm': 0, 'h': 0}",-0.1
"{'l': 0, 'm': 0.875720539, 'h': 0.12427946099999998}","{'l': 0, 'm': 0, 'h': 1}","{'l': 1, 'm': 0, 'h': 0}",-0.1
"{'l': 0, 'm': 0.8784867285, 'h': 0.12151327150000002}","{'l': 0, 'm': 0, 'h': 1}","{'l': 1, 'm': 0, 'h': 0}",-0.1
"{'l': 0, 'm': 0.8815911875000002, 'h': 0.1184088124999998}","{'l': 0, 'm': 0, 'h': 1}","{'l': 1, 'm': 0, 'h': 0}",-0.1
"{'l': 0, 'm': 0.8851345595, 'h': 0.11486544050000003}","{'l': 0, 'm': 0, 'h': 1}","{'l': 1, 'm': 0, 'h': 0}",-0.1
"{'l': 0, 'm': 0.8878679585000002, 'h': 0.11213204149999978}","{'l': 0, 'm': 0, 'h': 1}","{'l': 1, 'm': 0, 'h': 0}",-0.1
"{'l': 0, 'm': 0.89104904, 'h': 0.10895096000000004}","{'l': 0, 'm': 0, 'h': 1}","{'l': 1, 'm': 0, 'h': 0}",-0.1
"{'l': 0, 'm': 0.8938286720000002, 'h': 0.10617132799999984}","{'l': 0, 'm': 0, 'h': 1}","{'l': 1, 'm': 0, 'h': 0}",-0.1
"{'l': 0, 'm': 0.896442774, 'h': 0.10355722599999995}","{'l': 0, 'm': 0, 'h': 1}","{'l': 1, 'm': 0, 'h': 0}",-0.1
"{'l': 0, 'm': 0.8997960809999999, 'h': 0.10020391900000014}","{'l': 0, 'm': 0, 'h': 1}","{'l': 1, 'm': 0, 'h': 0}",-0.1
"{'l': 0, 'm': 0.9031355429999999, 'h': 0.09686445700000013}","{'l': 0, 'm': 0, 'h': 1}","{'l': 1, 'm': 0, 'h': 0}",-0.1
"{'l': 0, 'm': 0.906097387, 'h': 0.09390261300000002}","{'l': 0, 'm': 0, 'h': 1}","{'l': 1, 'm': 0, 'h': 0}",-0.1
"{'l': 0, 'm': 0.9088874085, 'h': 0.09111259149999995}","{'l': 0, 'm': 0, 'h': 1}","{'l': 0.9930492550000001, 'm': 0.0069507449999999665, 'h': 0}",-0.1
"{'l': 0, 'm': 0.9119125705000002, 'h': 0.08808742949999981}","{'l': 0, 'm': 0, 'h': 1}","{'l': 1, 'm': 0, 'h': 0}",-0.1
"{'l': 0, 'm': 0.9148393525, 'h': 0.08516064749999996}","{'l': 0, 'm': 0, 'h': 1}","{'l': 1, 'm': 0, 'h': 0}",-0.1
"{'l': 0, 'm': 0.9179249175000002, 'h': 0.08207508249999984}","{'l': 0, 'm': 0, 'h': 1}","{'l': 1, 'm': 0, 'h': 0}",-0.1
"{'l': 0, 'm': 0.9207694874999999, 'h': 0.07923051250000013}","{'l': 0, 'm': 0, 'h': 1}","{'l': 1, 'm': 0, 'h': 0}",-0.1
"{'l': 0, 'm': 0.9239554554999998, 'h': 0.0760445445000002}","{'l': 0, 'm': 0, 'h': 1}","{'l': 1, 'm': 0, 'h': 0}",-0.1
"{'l': 0, 'm': 0.926818919, 'h': 0.07318108099999998}","{'l': 0, 'm': 0, 'h': 1}","{'l': 1, 'm': 0, 'h': 0}",-0.1
"{'l': 0, 'm': 0.929944484, 'h': 0.07005551600000004}","{'l': 0, 'm': 0, 'h': 1}","{'l': 1, 'm': 0, 'h': 0}",-0.1
"{'l': 0, 'm': 0.933401812, 'h': 0.06659818799999995}","{'l': 0, 'm': 0, 'h': 1}","{'l': 1, 'm': 0, 'h': 0}",-0.1
"{'l': 0, 'm': 0.9367933100000001, 'h': 0.0632066899999999}","{'l': 0, 'm': 0, 'h': 1}","{'l': 1, 'm': 0, 'h': 0}",-0.1
"{'l': 0, 'm': 0.9394523499999998, 'h': 0.060547650000000175}","{'l': 0, 'm': 0, 'h': 1}","{'l': 1, 'm': 0, 'h': 0}",-0.1
"{'l': 0, 'm': 0.942866763, 'h': 0.05713323699999995}","{'l': 0, 'm': 0, 'h': 1}","{'l': 1, 'm': 0, 'h': 0}",-0.1
"{'l': 0, 'm': 0.945991925, 'h': 0.054008075000000044}","{'l': 0, 'm': 0, 'h': 1}","{'l': 1, 'm': 0, 'h': 0}",-0.1
"{'l': 0, 'm': 0.948559494, 'h': 0.05144050600000005}","{'l': 0, 'm': 0, 'h': 1}","{'l': 1, 'm': 0, 'h': 0}",-0.1
"{'l': 0, 'm': 0.9515835500000001, 'h': 0.048416449999999944}","{'l': 0, 'm': 0, 'h': 1}","{'l': 1, 'm': 0, 'h': 0}",-0.1
"{'l': 0, 'm': 0.954463182, 'h': 0.04553681799999998}","{'l': 0, 'm': 0, 'h': 1}","{'l': 1, 'm': 0, 'h': 0}",-0.1
"{'l': 0, 'm': 0.9578610240000001, 'h': 0.04213897599999994}","{'l': 0, 'm': 0, 'h': 1}","{'l': 1, 'm': 0, 'h': 0}",-0.1
"{'l': 0, 'm': 0.9604729139999999, 'h': 0.0395270860000001}","{'l': 0, 'm': 0, 'h': 1}","{'l': 1, 'm': 0, 'h': 0}",-0.1
"{'l': 0, 'm': 0.9637016594999999, 'h': 0.03629834050000014}","{'l': 0, 'm': 0, 'h': 1}","{'l': 1, 'm': 0, 'h': 0}",-0.1
"{'l': 0, 'm': 0.9667679274999998, 'h': 0.033232072500000154}","{'l': 0, 'm': 0, 'h': 1}","{'l': 1, 'm': 0, 'h': 0}",-0.1
"{'l': 0, 'm': 0.9700846635000002, 'h': 0.02991533649999978}","{'l': 0, 'm': 0, 'h': 1}","{'l': 1, 'm': 0, 'h': 0}",-0.1
"{'l': 0, 'm': 0.9730635925, 'h': 0.026936407500000037}","{'l': 0, 'm': 0, 'h': 1}","{'l': 1, 'm': 0, 'h': 0}",-0.1
"{'l': 0, 'm': 0.9760736919999999, 'h': 0.023926308000000063}","{'l': 0, 'm': 0, 'h': 1}","{'l': 0.99855784, 'm': 0.0014421599999999563, 'h': 0}",-0.1
"{'l': 0, 'm': 0.979652529, 'h': 0.020347471000000006}","{'l': 0, 'm': 0, 'h': 1}","{'l': 1, 'm': 0, 'h': 0}",-0.1
"{'l': 0, 'm': 0.983055309, 'h': 0.016944690999999956}","{'l': 0, 'm': 0, 'h': 1}","{'l': 0.9625927299999999, 'm': 0.03740726999999999, 'h': 0}",-0.1
"{'l': 0, 'm': 0.9858538349999999, 'h': 0.0141461650000001}","{'l': 0, 'm': 0, 'h': 1}","{'l': 1, 'm': 0, 'h': 0}",-0.1
"{'l': 0, 'm': 0.9891121905000002, 'h': 0.01088780949999979}","{'l': 0, 'm': 0, 'h': 1}","{'l': 1, 'm': 0, 'h': 0}",-0.1
"{'l': 0, 'm': 0.9917029744999999, 'h': 0.00829702550000011}","{'l': 0, 'm': 0, 'h': 1}","{'l': 1, 'm': 0, 'h': 0}",-0.1
"{'l': 0, 'm': 0.9946508624999999, 'h': 0.005349137500000101}","{'l': 0, 'm': 0, 'h': 1}","{'l': 1, 'm': 0, 'h': 0}",-0.1
"{'l': 0, 'm': 0.9977146184999999, 'h': 0.0022853815000001276}","{'l': 0, 'm': 0, 'h': 1}","{'l': 1, 'm': 0, 'h': 0}",-0.1
"{'l': 0.0010664165000000558, 'm': 0.9989335834999999, 'h': 0}","{'l': 0, 'm': 0, 'h': 1}","{'l': 1, 'm': 0, 'h': 0}",-0.1
"{'l': 0.004482638499999858, 'm': 0.9955173615000001, 'h': 0}","{'l': 0, 'm': 0, 'h': 1}","{'l': 1, 'm': 0, 'h': 0}",-0.1
"{'l': 0.007800994500000158, 'm': 0.9921990054999998, 'h': 0}","{'l': 0, 'm': 0, 'h': 1}","{'l': 1, 'm': 0, 'h': 0}",-0.1
"{'l': 0.010864347500000093, 'm': 0.9891356524999999, 'h': 0}","{'l': 0, 'm': 0, 'h': 1}","{'l': 1, 'm': 0, 'h': 0}",-0.1
"{'l': 0.014288232999999817, 'm': 0.9857117670000002, 'h': 0}","{'l': 0, 'm': 0, 'h': 1}","{'l': 1, 'm': 0, 'h': 0}",-0.1
"{'l': 0.017229373999999797, 'm': 0.9827706260000002, 'h': 0}","{'l': 0, 'm': 0, 'h': 1}","{'l': 1, 'm': 0, 'h': 0}",-0.1
"{'l': 0.020197261999999938, 'm': 0.9798027380000001, 'h': 0}","{'l': 0, 'm': 0, 'h': 1}","{'l': 1, 'm': 0, 'h': 0}",-0.1
"{'l': 0.02336574200000019, 'm': 0.9766342579999998, 'h': 0}","{'l': 0, 'm': 0, 'h': 1}","{'l': 1, 'm': 0, 'h': 0}",-0.1
"{'l': 0.0262818075000002, 'm': 0.9737181924999998, 'h': 0}","{'l': 0, 'm': 0, 'h': 1}","{'l': 1, 'm': 0, 'h': 0}",-0.1
"{'l': 0.029141439500000033, 'm': 0.9708585605, 'h': 0}","{'l': 0, 'm': 0, 'h': 1}","{'l': 1, 'm': 0, 'h': 0}",-0.1
"{'l': 0.032212645500000026, 'm': 0.9677873545, 'h': 0}","{'l': 0, 'm': 0, 'h': 1}","{'l': 1, 'm': 0, 'h': 0}",-0.1
"{'l': 0.036338051500000024, 'm': 0.9636619485, 'h': 0}","{'l': 0, 'm': 0, 'h': 1}","{'l': 1, 'm': 0, 'h': 0}",-0.1
"{'l': 0.04195988300000009, 'm': 0.9580401169999999, 'h': 0}","{'l': 0, 'm': 0, 'h': 1}","{'l': 1, 'm': 0, 'h': 0}",-0.1
"{'l': 0.047674112999999796, 'm': 0.9523258870000002, 'h': 0}","{'l': 0, 'm': 0, 'h': 1}","{'l': 1, 'm': 0, 'h': 0}",-0.1
"{'l': 0.05356333950000014, 'm': 0.9464366604999999, 'h': 0}","{'l': 0, 'm': 0, 'h': 1}","{'l': 1, 'm': 0, 'h': 0}",-0.1
"{'l': 0.060293032000000135, 'm': 0.9397069679999999, 'h': 0}","{'l': 0, 'm': 0, 'h': 1}","{'l': 1, 'm': 0, 'h': 0}",-0.1
"{'l': 0.066080994, 'm': 0.933919006, 'h': 0}","{'l': 0, 'm': 0, 'h': 1}","{'l': 0.9879429249999999, 'm': 0.012057075, 'h': 0}",-0.1
"{'l': 0.07164775999999984, 'm': 0.9283522400000002, 'h': 0}","{'l': 0, 'm': 0, 'h': 1}","{'l': 1, 'm': 0, 'h': 0}",-0.1
"{'l': 0.0778869805000002, 'm': 0.9221130194999998, 'h': 0}","{'l': 0, 'm': 0, 'h': 1}","{'l': 0.9879429249999999, 'm': 0.012057075, 'h': 0}",-0.1
"{'l': 0.08400673650000012, 'm': 0.9159932634999999, 'h': 0}","{'l': 0, 'm': 0, 'h': 1}","{'l': 1, 'm': 0, 'h': 0}",-0.1
"{'l': 0.08960103499999983, 'm': 0.9103989650000002, 'h': 0}","{'l': 0, 'm': 0, 'h': 1}","{'l': 1, 'm': 0, 'h': 0}",-0.1
"{'l': 0.09573977300000003, 'm': 0.904260227, 'h': 0}","{'l': 0, 'm': 0, 'h': 1}","{'l': 1, 'm': 0, 'h': 0}",-0.1
"{'l': 0.10162899999999997, 'm': 0.898371, 'h': 0}","{'l': 0, 'm': 0, 'h': 1}","{'l': 1, 'm': 0, 'h': 0}",-0.1
"{'l': 0.10846819200000013, 'm': 0.8915318079999999, 'h': 0}","{'l': 0, 'm': 0, 'h': 1}","{'l': 1, 'm': 0, 'h': 0}",-0.1
"{'l': 0.11526973550000008, 'm': 0.8847302644999999, 'h': 0}","{'l': 0, 'm': 0, 'h': 1}","{'l': 1, 'm': 0, 'h': 0}",-0.1
"{'l': 0.12091023350000007, 'm': 0.8790897664999999, 'h': 0}","{'l': 0, 'm': 0, 'h': 1}","{'l': 1, 'm': 0, 'h': 0}",-0.1
"{'l': 0.12683632599999983, 'm': 0.8731636740000002, 'h': 0}","{'l': 0, 'm': 0, 'h': 1}","{'l': 1, 'm': 0, 'h': 0}",-0.1
"{'l': 0.13398942850000006, 'm': 0.8660105714999999, 'h': 0}","{'l': 0, 'm': 0, 'h': 1}","{'l': 1, 'm': 0, 'h': 0}",-0.1
"{'l': 0.13999858649999997, 'm': 0.8600014135, 'h': 0}","{'l': 0, 'm': 0, 'h': 1}","{'l': 1, 'm': 0, 'h': 0}",-0.1
"{'l': 0.1471516890000002, 'm': 0.8528483109999998, 'h': 0}","{'l': 0, 'm': 0, 'h': 1}","{'l': 1, 'm': 0, 'h': 0}",-0.1
"{'l': 0.1539900985, 'm': 0.8460099015, 'h': 0}","{'l': 0, 'm': 0, 'h': 1}","{'l': 1, 'm': 0, 'h': 0}",-0.1
"{'l': 0.16058911249999985, 'm': 0.8394108875000001, 'h': 0}","{'l': 0, 'm': 0, 'h': 1}","{'l': 1, 'm': 0, 'h': 0}",-0.1
"{'l': 0.1667364010000001, 'm': 0.8332635989999999, 'h': 0}","{'l': 0, 'm': 0, 'h': 1}","{'l': 1, 'm': 0, 'h': 0}",-0.1
"{'l': 0.1733722809999998, 'm': 0.8266277190000002, 'h': 0}","{'l': 0, 'm': 0, 'h': 1}","{'l': 1, 'm': 0, 'h': 0}",-0.1
"{'l': 0.18001702699999989, 'm': 0.8199829730000001, 'h': 0}","{'l': 0, 'm': 0, 'h': 1}","{'l': 1, 'm': 0, 'h': 0}",-0.1
"{'l': 0.18560277550000004, 'm': 0.8143972245, 'h': 0}","{'l': 0, 'm': 0, 'h': 1}","{'l': 1, 'm': 0, 'h': 0}",-0.1
"{'l': 0.19111400900000008, 'm': 0.8088859909999999, 'h': 0}","{'l': 0, 'm': 0, 'h': 1}","{'l': 0.9976780299999999, 'm': 0.002321969999999965, 'h': 0}",-0.1
"{'l': 0.19771302299999993, 'm': 0.8022869770000001, 'h': 0}","{'l': 0, 'm': 0, 'h': 1}","{'l': 1, 'm': 0, 'h': 0}",-0.1
"{'l': 0.2039984425000001, 'm': 0.7960015574999999, 'h': 0}","{'l': 0, 'm': 0, 'h': 1}","{'l': 0.9938870499999999, 'm': 0.006112949999999978, 'h': 0}",-0.1
"{'l': 0.21011819850000002, 'm': 0.7898818015, 'h': 0}","{'l': 0, 'm': 0, 'h': 1}","{'l': 1, 'm': 0, 'h': 0}",-0.1
"{'l': 0.21647734949999986, 'm': 0.7835226505000001, 'h': 0}","{'l': 0, 'm': 0, 'h': 1}","{'l': 1, 'm': 0, 'h': 0}",-0.1
"{'l': 0.2222474280000002, 'm': 0.7777525719999998, 'h': 0}","{'l': 0, 'm': 0, 'h': 1}","{'l': 1, 'm': 0, 'h': 0}",-0.1
"{'l': 0.22872651050000004, 'm': 0.7712734895, 'h': 0}","{'l': 0, 'm': 0, 'h': 1}","{'l': 0.99855784, 'm': 0.0014421599999999563, 'h': 0}",-0.1
"{'l': 0.23523390850000014, 'm': 0.7647660914999999, 'h': 0}","{'l': 0, 'm': 0, 'h': 1}","{'l': 1, 'm': 0, 'h': 0}",-0.1
"{'l': 0.24116000149999994, 'm': 0.7588399985000001, 'h': 0}","{'l': 0, 'm': 0, 'h': 1}","{'l': 1, 'm': 0, 'h': 0}",-0.1
"{'l': 0.24753891800000005, 'm': 0.752461082, 'h': 0}","{'l': 0, 'm': 0, 'h': 1}","{'l': 1, 'm': 0, 'h': 0}",-0.1
"{'l': 0.2533637459999998, 'm': 0.7466362540000002, 'h': 0}","{'l': 0, 'm': 0, 'h': 1}","{'l': 1, 'm': 0, 'h': 0}",-0.1
"{'l': 0.25968681400000015, 'm': 0.7403131859999998, 'h': 0}","{'l': 0, 'm': 0, 'h': 1}","{'l': 1, 'm': 0, 'h': 0}",-0.1
"{'l': 0.2660552985, 'm': 0.7339447015, 'h': 0}","{'l': 0, 'm': 0, 'h': 1}","{'l': 1, 'm': 0, 'h': 0}",-0.1
"{'l': 0.2716589305000001, 'm': 0.7283410694999999, 'h': 0}","{'l': 0, 'm': 0, 'h': 1}","{'l': 1, 'm': 0, 'h': 0}",-0.1
"{'l': 0.2783405430000001, 'm': 0.7216594569999999, 'h': 0}","{'l': 0, 'm': 0, 'h': 1}","{'l': 0.9895180749999999, 'm': 0.010481924999999961, 'h': 0}",-0.1
"{'l': 0.2840916390000001, 'm': 0.7159083609999999, 'h': 0}","{'l': 0, 'm': 0, 'h': 1}","{'l': 1, 'm': 0, 'h': 0}",-0.1
"{'l': 0.2907457185000002, 'm': 0.7092542814999998, 'h': 0}","{'l': 0, 'm': 0, 'h': 1}","{'l': 1, 'm': 0, 'h': 0}",-0.1
"{'l': 0.2964599484999999, 'm': 0.7035400515000001, 'h': 0}","{'l': 0, 'm': 0, 'h': 1}","{'l': 1, 'm': 0, 'h': 0}",-0.1
"{'l': 0.3039157465, 'm': 0.6960842535, 'h': 0}","{'l': 0, 'm': 0, 'h': 1}","{'l': 1, 'm': 0, 'h': 0}",-0.1
"{'l': 0.31057060849999996, 'm': 0.6894293915, 'h': 0}","{'l': 0, 'm': 0, 'h': 1}","{'l': 1, 'm': 0, 'h': 0}",-0.1
"{'l': 0.31653356750000006, 'm': 0.6834664324999999, 'h': 0}","{'l': 0, 'm': 0, 'h': 1}","{'l': 1, 'm': 0, 'h': 0}",-0.1
"{'l': 0.32289350149999985, 'm': 0.6771064985000002, 'h': 0}","{'l': 0, 'm': 0, 'h': 1}","{'l': 1, 'm': 0, 'h': 0}",-0.1
"{'l': 0.3297319110000001, 'm': 0.6702680889999999, 'h': 0}","{'l': 0, 'm': 0, 'h': 1}","{'l': 1, 'm': 0, 'h': 0}",-0.1
"{'l': 0.33596226500000004, 'm': 0.664037735, 'h': 0}","{'l': 0, 'm': 0, 'h': 1}","{'l': 1, 'm': 0, 'h': 0}",-0.1
"{'l': 0.34151036449999994, 'm': 0.6584896355000001, 'h': 0}","{'l': 0, 'm': 0, 'h': 1}","{'l': 0.98986079, 'm': 0.01013920999999994, 'h': 0}",-0.1
"{'l': 0.3474826565, 'm': 0.6525173435, 'h': 0}","{'l': 0, 'm': 0, 'h': 1}","{'l': 1, 'm': 0, 'h': 0}",-0.1
"{'l': 0.35421980100000017, 'm': 0.6457801989999998, 'h': 0}","{'l': 0, 'm': 0, 'h': 1}","{'l': 0.98986079, 'm': 0.01013920999999994, 'h': 0}",-0.1
"{'l': 0.3600267454999999, 'm': 0.6399732545000001, 'h': 0}","{'l': 0, 'm': 0, 'h': 1}","{'l': 1, 'm': 0, 'h': 0}",-0.1
"{'l': 0.3664414295, 'm': 0.6335585705, 'h': 0}","{'l': 0, 'm': 0, 'h': 1}","{'l': 1, 'm': 0, 'h': 0}",-0.1
"{'l': 0.3734470674999999, 'm': 0.6265529325000001, 'h': 0}","{'l': 0, 'm': 0, 'h': 1}","{'l': 1, 'm': 0, 'h': 0}",-0.1
"{'l': 0.3800274149999998, 'm': 0.6199725850000002, 'h': 0}","{'l': 0, 'm': 0, 'h': 1}","{'l': 1, 'm': 0, 'h': 0}",-0.1
"{'l': 0.3854467170000002, 'm': 0.6145532829999998, 'h': 0}","{'l': 0, 'm': 0, 'h': 1}","{'l': 1, 'm': 0, 'h': 0}",-0.1
"{'l': 0.3917414699999999, 'm': 0.6082585300000001, 'h': 0}","{'l': 0, 'm': 0, 'h': 1}","{'l': 1, 'm': 0, 'h': 0}",-0.1
"{'l': 0.39815725199999985, 'm': 0.6018427480000001, 'h': 0}","{'l': 0, 'm': 0, 'h': 1}","{'l': 1, 'm': 0, 'h': 0}",-0.1
"{'l': 0.4046363350000002, 'm': 0.5953636649999998, 'h': 0}","{'l': 0, 'm': 0, 'h': 1}","{'l': 1, 'm': 0, 'h': 0}",-0.1
"{'l': 0.41094042099999983, 'm': 0.5890595790000002, 'h': 0}","{'l': 0, 'm': 0, 'h': 1}","{'l': 1, 'm': 0, 'h': 0}",-0.1
"{'l': 0.4177232974999998, 'm': 0.5822767025000002, 'h': 0}","{'l': 0, 'm': 0, 'h': 1}","{'l': 0.997083105, 'm': 0.002916894999999975, 'h': 0}",-0.1
"{'l': 0.4241748474999998, 'm': 0.5758251525000002, 'h': 0}","{'l': 0, 'm': 0, 'h': 1}","{'l': 1, 'm': 0, 'h': 0}",-0.1
"{'l': 0.4301378064999999, 'm': 0.5698621935000001, 'h': 0}","{'l': 0, 'm': 0, 'h': 1}","{'l': 1, 'm': 0, 'h': 0}",-0.1
"{'l': 0.4359816164999999, 'm': 0.5640183835000001, 'h': 0}","{'l': 0, 'm': 0, 'h': 1}","{'l': 1, 'm': 0, 'h': 0}",-0.1
"{'l': 0.4423963005, 'm': 0.5576036995, 'h': 0}","{'l': 0, 'm': 0, 'h': 1}","{'l': 1, 'm': 0, 'h': 0}",-0.1
"{'l': 0.4484613070000001, 'm': 0.5515386929999999, 'h': 0}","{'l': 0, 'm': 0, 'h': 1}","{'l': 1, 'm': 0, 'h': 0}",-0.1
"{'l': 0.4547098599999999, 'm': 0.5452901400000001, 'h': 0}","{'l': 0, 'm': 0, 'h': 1}","{'l': 1, 'm': 0, 'h': 0}",-0.1
"{'l': 0.46084859850000015, 'm': 0.5391514014999998, 'h': 0}","{'l': 0, 'm': 0, 'h': 1}","{'l': 1, 'm': 0, 'h': 0}",-0.1
"{'l': 0.4672814820000002, 'm': 0.5327185179999998, 'h': 0}","{'l': 0, 'm': 0, 'h': 1}","{'l': 1, 'm': 0, 'h': 0}",-0.1
"{'l': 0.47330962199999993, 'm': 0.5266903780000001, 'h': 0}","{'l': 0, 'm': 0, 'h': 1}","{'l': 1, 'm': 0, 'h': 0}",-0.1
"{'l': 0.4801480315000002, 'm': 0.5198519684999998, 'h': 0}","{'l': 0, 'm': 0, 'h': 1}","{'l': 1, 'm': 0, 'h': 0}",-0.1
"{'l': 0.4860097255000002, 'm': 0.5139902744999998, 'h': 0}","{'l': 0, 'm': 0, 'h': 1}","{'l': 1, 'm': 0, 'h': 0}",-0.1
"{'l': 0.4931799290000001, 'm': 0.5068200709999999, 'h': 0}","{'l': 0, 'm': 0, 'h': 1}","{'l': 1, 'm': 0, 'h': 0}",-0.1
"{'l': 0.4985623650000002, 'm': 0.5014376349999998, 'h': 0}","{'l': 0, 'm': 0, 'h': 1}","{'l': 1, 'm': 0, 'h': 0}",-0.1
"{'l': 0.5055207055, 'm': 0.49447929450000006, 'h': 0}","{'l': 0, 'm': 0, 'h': 1}","{'l': 1, 'm': 0, 'h': 0}",-0.1
"{'l': 0.51169631, 'm': 0.48830368999999996, 'h': 0}","{'l': 0, 'm': 0, 'h': 1}","{'l': 1, 'm': 0, 'h': 0}",-0.1
"{'l': 0.999883342, 'm': 0.00011665800000004722, 'h': 0}","{'l': 0, 'm': 0, 'h': 1}","{'l': 0, 'm': 0, 'h': 1}",0.0
"{'l': 0.2815069965000001, 'm': 0.7184930034999999, 'h': 0}","{'l': 0, 'm': 0, 'h': 1}","{'l': 0.99942217, 'm': 0.0005778299999999875, 'h': 0}",-0.1
"{'l': 0.3648323200000001, 'm': 0.6351676799999999, 'h': 0}","{'l': 0, 'm': 0, 'h': 1}","{'l': 1, 'm': 0, 'h': 0}",-0.1
"{'l': 0.37355882750000013, 'm': 0.6264411724999999, 'h': 0}","{'l': 0, 'm': 0, 'h': 1}","{'l': 1, 'm': 0, 'h': 0}",-0.1
"{'l': 0.379328906, 'm': 0.620671094, 'h': 0}","{'l': 0, 'm': 0, 'h': 1}","{'l': 1, 'm': 0, 'h': 0}",-0.1
"{'l': 0.3855130605000001, 'm': 0.6144869394999999, 'h': 0}","{'l': 0, 'm': 0, 'h': 1}","{'l': 1, 'm': 0, 'h': 0}",-0.1
"{'l': 0.3913568705000001, 'm': 0.6086431294999999, 'h': 0}","{'l': 0, 'm': 0, 'h': 1}","{'l': 1, 'm': 0, 'h': 0}",-0.1
"{'l': 0.3971998980000002, 'm': 0.6028001019999998, 'h': 0}","{'l': 0, 'm': 0, 'h': 1}","{'l': 0.998067225, 'm': 0.0019327749999999838, 'h': 0}",-0.1
"{'l': 0.4030437084999998, 'm': 0.5969562915000002, 'h': 0}","{'l': 0, 'm': 0, 'h': 1}","{'l': 1, 'm': 0, 'h': 0}",-0.1
"{'l': 0.4090435330000002, 'm': 0.5909564669999998, 'h': 0}","{'l': 0, 'm': 0, 'h': 1}","{'l': 1, 'm': 0, 'h': 0}",-0.1
"{'l': 0.41540346699999997, 'm': 0.584596533, 'h': 0}","{'l': 0, 'm': 0, 'h': 1}","{'l': 1, 'm': 0, 'h': 0}",-0.1
"{'l': 0.42151388999999995, 'm': 0.57848611, 'h': 0}","{'l': 0, 'm': 0, 'h': 1}","{'l': 0.9995361999999999, 'm': 0.00046379999999998645, 'h': 0}",-0.1
"{'l': 0.42761576199999984, 'm': 0.5723842380000002, 'h': 0}","{'l': 0, 'm': 0, 'h': 1}","{'l': 1, 'm': 0, 'h': 0}",-0.1
"{'l': 0.4335418550000001, 'm': 0.5664581449999999, 'h': 0}","{'l': 0, 'm': 0, 'h': 1}","{'l': 0.994987185, 'm': 0.00501281499999999, 'h': 0}",-0.1
"{'l': 0.43905387100000004, 'm': 0.560946129, 'h': 0}","{'l': 0, 'm': 0, 'h': 1}","{'l': 1, 'm': 0, 'h': 0}",-0.1
"{'l': 0.4453392905000002, 'm': 0.5546607094999998, 'h': 0}","{'l': 0, 'm': 0, 'h': 1}","{'l': 1, 'm': 0, 'h': 0}",-0.1
"{'l': 0.45121996650000007, 'm': 0.5487800334999999, 'h': 0}","{'l': 0, 'm': 0, 'h': 1}","{'l': 1, 'm': 0, 'h': 0}",-0.1
"{'l': 0.4573947880000002, 'm': 0.5426052119999998, 'h': 0}","{'l': 0, 'm': 0, 'h': 1}","{'l': 0.99559967, 'm': 0.004400329999999994, 'h': 0}",-0.1
"{'l': 0.4637357400000002, 'm': 0.5362642599999998, 'h': 0}","{'l': 0, 'm': 0, 'h': 1}","{'l': 1, 'm': 0, 'h': 0}",-0.1
"{'l': 0.47072161349999986, 'm': 0.5292783865000001, 'h': 0}","{'l': 0, 'm': 0, 'h': 1}","{'l': 0.99559967, 'm': 0.004400329999999994, 'h': 0}",-0.1
"{'l': 0.47676763750000006, 'm': 0.5232323624999999, 'h': 0}","{'l': 0, 'm': 0, 'h': 1}","{'l': 1, 'm': 0, 'h': 0}",-0.1
"{'l': 0.4836153799999998, 'm': 0.5163846200000002, 'h': 0}","{'l': 0, 'm': 0, 'h': 1}","{'l': 1, 'm': 0, 'h': 0}",-0.1
"{'l': 0.4901417604999998, 'm': 0.5098582395000002, 'h': 0}","{'l': 0, 'm': 0, 'h': 1}","{'l': 1, 'm': 0, 'h': 0}",-0.1
"{'l': 0.4964827125000002, 'm': 0.5035172874999998, 'h': 0}","{'l': 0, 'm': 0, 'h': 1}","{'l': 1, 'm': 0, 'h': 0}",-0.1
"{'l': 0.5031007085000001, 'm': 0.4968992914999999, 'h': 0}","{'l': 0, 'm': 0, 'h': 1}","{'l': 1, 'm': 0, 'h': 0}",-0.1
"{'l': 0.510150981, 'm': 0.489849019, 'h': 0}","{'l': 0, 'm': 0, 'h': 1}","{'l': 0.9900847199999998, 'm': 0.009915279999999985, 'h': 0}",-0.1
"{'l': 1, 'm': 0, 'h': 0}","{'l': 0, 'm': 0, 'h': 1}","{'l': 0, 'm': 0, 'h': 1}",0.0
"{'l': 0.5193871459999999, 'm': 0.4806128540000001, 'h': 0}","{'l': 0, 'm': 0, 'h': 1}","{'l': 0.9916007250000001, 'm': 0.00839927499999997, 'h': 0}",-0.1
"{'l': 1, 'm': 0, 'h': 0}","{'l': 0, 'm': 0, 'h': 1}","{'l': 0, 'm': 0.92238865, 'h': 0.07761135000000002}",-0.1
"{'l': 0.30658010299999994, 'm': 0.6934198970000001, 'h': 0}","{'l': 0, 'm': 0, 'h': 1}","{'l': 1, 'm': 0, 'h': 0}",-0.1
"{'l': 0.32480484899999995, 'm': 0.675195151, 'h': 0}","{'l': 0, 'm': 0, 'h': 1}","{'l': 1, 'm': 0, 'h': 0}",-0.1
"{'l': 0.32979233799999985, 'm': 0.6702076620000001, 'h': 0}","{'l': 0, 'm': 0, 'h': 1}","{'l': 1, 'm': 0, 'h': 0}",-0.1
"{'l': 0.3325396070000002, 'm': 0.6674603929999998, 'h': 0}","{'l': 0, 'm': 0, 'h': 1}","{'l': 1, 'm': 0, 'h': 0}",-0.1
"{'l': 0.34036131449999996, 'm': 0.6596386855, 'h': 0}","{'l': 0, 'm': 0, 'h': 1}","{'l': 1, 'm': 0, 'h': 0}",-0.1
"{'l': 0.9119775985, 'm': 0.08802240149999996, 'h': 0}","{'l': 0, 'm': 0, 'h': 1}","{'l': 0, 'm': 0, 'h': 1}",0.0
"{'l': 0.10813924499999983, 'm': 0.8918607550000002, 'h': 0}","{'l': 0, 'm': 0, 'h': 1}","{'l': 0, 'm': 0, 'h': 1}",0.1
"{'l': 0.16232428, 'm': 0.83767572, 'h': 0}","{'l': 0, 'm': 0, 'h': 1}","{'l': 0, 'm': 0.6146671149999999, 'h': 0.3853328850000001}",0.0
"{'l': 0.1691131855000001, 'm': 0.8308868144999999, 'h': 0}","{'l': 0, 'm': 0, 'h': 1}","{'l': 0, 'm': 0, 'h': 1}",0.1
"{'l': 0.500075783, 'm': 0.499924217, 'h': 0}","{'l': 0, 'm': 0, 'h': 1}","{'l': 1, 'm': 0, 'h': 0}",-0.1
"{'l': 0.9900721240000001, 'm': 0.009927875999999891, 'h': 0}","{'l': 0, 'm': 0, 'h': 1}","{'l': 0.18041001499999987, 'm': 0.819589985, 'h': 0}",-0.1
"{'l': 0.16061913400000005, 'm': 0.839380866, 'h': 0}","{'l': 0, 'm': 0, 'h': 1}","{'l': 0, 'm': 0, 'h': 1}",0.1
"{'l': 0.4643461754999998, 'm': 0.5356538245000002, 'h': 0}","{'l': 0, 'm': 0, 'h': 1}","{'l': 0, 'm': 0, 'h': 1}",0.1
"{'l': 0, 'm': 0.816459687, 'h': 0.18354031299999995}","{'l': 0, 'm': 0, 'h': 1}","{'l': 0.759140205, 'm': 0.24085979499999993, 'h': 0}",-0.1
"{'l': 0, 'm': 0, 'h': 1}","{'l': 0, 'm': 0, 'h': 1}","{'l': 0, 'm': 0, 'h': 1}",0.2
"{'l': 0, 'm': 0.7969977049999999, 'h': 0.2030022950000001}","{'l': 0, 'm': 0, 'h': 1}","{'l': 0, 'm': 0.39302107000000003, 'h': 0.60697893}",0.1
"{'l': 0.08399866749999996, 'm': 0.9160013325, 'h': 0}","{'l': 0, 'm': 0, 'h': 1}","{'l': 0, 'm': 0.853611165, 'h': 0.14638883500000005}",0.0
"{'l': 0.0874971014999999, 'm': 0.9125028985000001, 'h': 0}","{'l': 0, 'm': 0, 'h': 1}","{'l': 0, 'm': 0.376638755, 'h': 0.6233612450000001}",0.1
"{'l': 0.25093685999999993, 'm': 0.7490631400000001, 'h': 0}","{'l': 0, 'm': 0, 'h': 1}","{'l': 0, 'm': 0, 'h': 1}",0.1
"{'l': 0, 'm': 0.9987997989999999, 'h': 0.0012002010000000674}","{'l': 0, 'm': 0, 'h': 1}","{'l': 0, 'm': 0.8436641750000001, 'h': 0.15633582499999993}",0.0
"{'l': 0.011992455000000124, 'm': 0.9880075449999999, 'h': 0}","{'l': 0, 'm': 0, 'h': 1}","{'l': 0, 'm': 0.2755817499999999, 'h': 0.7244182500000002}",0.1
"{'l': 0.1186077619999999, 'm': 0.8813922380000001, 'h': 0}","{'l': 0, 'm': 0, 'h': 1}","{'l': 0, 'm': 0.8860951449999999, 'h': 0.1139048550000002}",0.0
"{'l': 0.13061841800000007, 'm': 0.8693815819999999, 'h': 0}","{'l': 0, 'm': 0, 'h': 1}","{'l': 0, 'm': 0.39031878500000006, 'h': 0.6096812149999999}",0.1
"{'l': 0, 'm': 0.9076243614999999, 'h': 0.09237563850000008}","{'l': 0, 'm': 0, 'h': 1}","{'l': 0, 'm': 0, 'h': 1}",0.1
"{'l': 0.3057950195000001, 'm': 0.6942049804999999, 'h': 0}","{'l': 0, 'm': 0, 'h': 1}","{'l': 0, 'm': 0.86684661, 'h': 0.1331533900000001}",0.0
"{'l': 0.31279319250000004, 'm': 0.6872068075, 'h': 0}","{'l': 0, 'm': 0, 'h': 1}","{'l': 0, 'm': 0.4228109199999999, 'h': 0.5771890800000001}",0.1
"{'l': 0.2280219145000002, 'm': 0.7719780854999998, 'h': 0}","{'l': 0, 'm': 0, 'h': 1}","{'l': 0, 'm': 0, 'h': 1}",0.1
"{'l': 0.2782127390000002, 'm': 0.7217872609999998, 'h': 0}","{'l': 0, 'm': 0, 'h': 1}","{'l': 0, 'm': 0, 'h': 1}",0.1
"{'l': 0.5723491285, 'm': 0.42765087150000003, 'h': 0}","{'l': 0, 'm': 0, 'h': 1}","{'l': 1, 'm': 0, 'h': 0}",-0.1
"{'l': 0.19211066200000015, 'm': 0.8078893379999998, 'h': 0}","{'l': 0, 'm': 0, 'h': 1}","{'l': 0.2596845049999999, 'm': 0.740315495, 'h': 0}",0.0
"{'l': 0.24732436449999984, 'm': 0.7526756355000002, 'h': 0}","{'l': 0, 'm': 0, 'h': 1}","{'l': 0, 'm': 0.1649324199999999, 'h': 0.8350675800000001}",0.1
"{'l': 0.2911114184999999, 'm': 0.7088885815000001, 'h': 0}","{'l': 0, 'm': 0, 'h': 1}","{'l': 0, 'm': 0.8343475550000001, 'h': 0.16565244499999993}",0.0
"{'l': 0, 'm': 0.9671897125000002, 'h': 0.03281028749999981}","{'l': 0, 'm': 0, 'h': 1}","{'l': 0, 'm': 0.30156347, 'h': 0.69843653}",0.1
"{'l': 0.32375132750000013, 'm': 0.6762486724999999, 'h': 0}","{'l': 0, 'm': 0, 'h': 1}","{'l': 0.24657461500000005, 'm': 0.7534253849999999, 'h': 0}",0.0
"{'l': 0.336036741, 'm': 0.663963259, 'h': 0}","{'l': 0, 'm': 0, 'h': 1}","{'l': 0, 'm': 0, 'h': 1}",0.1
"{'l': 0.4472947045, 'm': 0.5527052955, 'h': 0}","{'l': 0, 'm': 0, 'h': 1}","{'l': 0, 'm': 0.9098095500000001, 'h': 0.09019045000000003}",0.0
"{'l': 0.39278392549999985, 'm': 0.6072160745000001, 'h': 0}","{'l': 0, 'm': 0, 'h': 1}","{'l': 0, 'm': 0.29267677500000006, 'h': 0.707323225}",0.1
"{'l': 0.3252608779999999, 'm': 0.6747391220000001, 'h': 0}","{'l': 0, 'm': 0, 'h': 1}","{'l': 0, 'm': 0, 'h': 1}",0.1
"{'l': 0.18750331200000003, 'm': 0.812496688, 'h': 0}","{'l': 0, 'm': 0, 'h': 1}","{'l': 0, 'm': 0, 'h': 1}",0.1
"{'l': 0.3159714375, 'm': 0.6840285625, 'h': 0}","{'l': 0, 'm': 0, 'h': 1}","{'l': 0, 'm': 0.8620636749999999, 'h': 0.13793632500000014}",0.0
"{'l': 0.32545566049999985, 'm': 0.6745443395000001, 'h': 0}","{'l': 0, 'm': 0, 'h': 1}","{'l': 0, 'm': 0.36646174000000004, 'h': 0.63353826}",0.1
"{'l': 0.3349933675000001, 'm': 0.6650066324999999, 'h': 0}","{'l': 0, 'm': 0, 'h': 1}","{'l': 0.751626165, 'm': 0.2483738349999999, 'h': 0}",-0.1
"{'l': 0.23066121650000015, 'm': 0.7693387834999998, 'h': 0}","{'l': 0, 'm': 0, 'h': 1}","{'l': 0, 'm': 0, 'h': 1}",0.1
"{'l': 0.5462179995, 'm': 0.45378200049999995, 'h': 0}","{'l': 0, 'm': 0, 'h': 1}","{'l': 1, 'm': 0, 'h': 0}",-0.1
"{'l': 0.6396721405000001, 'm': 0.3603278594999999, 'h': 0}","{'l': 0, 'm': 0, 'h': 1}","{'l': 0.21464062499999992, 'm': 0.785359375, 'h': 0}",-0.1
"{'l': 0, 'm': 0.9053215285, 'h': 0.09467847149999997}","{'l': 0, 'm': 0, 'h': 1}","{'l': 0, 'm': 0, 'h': 1}",0.1
"{'l': 1, 'm': 0, 'h': 0}","{'l': 0, 'm': 0, 'h': 1}","{'l': 0, 'm': 0.9889671250000001, 'h': 0.011032874999999942}",-0.1
"{'l': 0.37153862800000015, 'm': 0.6284613719999999, 'h': 0}","{'l': 0, 'm': 0, 'h': 1}","{'l': 0, 'm': 0, 'h': 1}",0.1
"{'l': 0.8297452700000001, 'm': 0.1702547299999999, 'h': 0}","{'l': 0, 'm': 0, 'h': 1}","{'l': 0, 'm': 0, 'h': 1}",0.0
"{'l': 0.5717144780000001, 'm': 0.4282855219999999, 'h': 0}","{'l': 0, 'm': 0, 'h': 1}","{'l': 0.25813022499999994, 'm': 0.7418697750000001, 'h': 0}",-0.1
"{'l': 0.587128643, 'm': 0.412871357, 'h': 0}","{'l': 0, 'm': 0, 'h': 1}","{'l': 0, 'm': 0.08418289999999995, 'h': 0.9158171000000002}",0.0
"{'l': 0.2427979680000001, 'm': 0.7572020319999999, 'h': 0}","{'l': 0, 'm': 0, 'h': 1}","{'l': 0.2359539799999999, 'm': 0.76404602, 'h': 0}",0.0
"{'l': 0, 'm': 0.7154039339999998, 'h': 0.2845960660000002}","{'l': 0, 'm': 0, 'h': 1}","{'l': 0, 'm': 0, 'h': 1}",0.1
"{'l': 0.29542936750000015, 'm': 0.7045706324999998, 'h': 0}","{'l': 0, 'm': 0, 'h': 1}","{'l': 0.25298476999999997, 'm': 0.7470152299999999, 'h': 0}",0.0
"{'l': 0.3121042544999999, 'm': 0.6878957455000001, 'h': 0}","{'l': 0, 'm': 0, 'h': 1}","{'l': 0, 'm': 0, 'h': 1}",0.1
"{'l': 0.2888260429999998, 'm': 0.7111739570000002, 'h': 0}","{'l': 0, 'm': 0, 'h': 1}","{'l': 0, 'm': 0, 'h': 1}",0.1
"{'l': 0.42089261349999996, 'm': 0.5791073865, 'h': 0}","{'l': 0, 'm': 0, 'h': 1}","{'l': 0.25393188499999997, 'm': 0.7460681149999999, 'h': 0}",0.0
"{'l': 0.4382246985, 'm': 0.5617753015, 'h': 0}","{'l': 0, 'm': 0, 'h': 1}","{'l': 0, 'm': 0, 'h': 1}",0.1
"{'l': 0.45502959600000015, 'm': 0.5449704039999999, 'h': 0}","{'l': 0, 'm': 0, 'h': 1}","{'l': 0, 'm': 0, 'h': 1}",0.1
"{'l': 0.18888278149999982, 'm': 0.8111172185000002, 'h': 0}","{'l': 0, 'm': 0, 'h': 1}","{'l': 0.2734998999999999, 'm': 0.7265001, 'h': 0}",0.0
"{'l': 0.5030890594999999, 'm': 0.49691094050000006, 'h': 0}","{'l': 0, 'm': 0, 'h': 1}","{'l': 0, 'm': 0, 'h': 1}",0.0
"{'l': 0.6723425569999999, 'm': 0.3276574430000001, 'h': 0}","{'l': 0, 'm': 0, 'h': 1}","{'l': 0, 'm': 0.9385880599999998, 'h': 0.061411940000000165}",-0.1
"{'l': 1, 'm': 0, 'h': 0}","{'l': 0, 'm': 0, 'h': 1}","{'l': 0, 'm': 0, 'h': 1}",0.0
"{'l': 0.34237811350000014, 'm': 0.6576218864999999, 'h': 0}","{'l': 0, 'm': 0, 'h': 1}","{'l': 0, 'm': 0, 'h': 1}",0.1
